type,value,t,sect_name,exp,exp_reg,value_tot,value_sh
gvc: backward,0.15533923580234,2020,"1-Agriculture, hunting, forestry",JPN,JPN,199.861647428477,0.000777233840514248
gvc: backward,0.135350500318512,2001,"1-Agriculture, hunting, forestry",JPN,JPN,176.579600452612,0.000766512666081353
gvc: backward,12.9646215635361,2020,11-Chemical and chemical products,JPN,JPN,24407.1508541966,0.000531181277199627
gvc: backward,8.62773388814696,2001,11-Chemical and chemical products,JPN,JPN,9568.5637466532,0.000901674913454455
gvc: backward,7.92255992563273,2020,18-Electrical equipment,JPN,JPN,13288.8445513204,0.000596181247740275
gvc: backward,4.5464827770895,2001,18-Electrical equipment,JPN,JPN,7556.21599167681,0.000601687773628687
gvc: backward,33.9632255455674,2020,"20-Motor vehicles, trailers and semi-trailers",JPN,JPN,35432.6904717398,0.000958527989079903
gvc: backward,18.8283942964308,2001,"20-Motor vehicles, trailers and semi-trailers",JPN,JPN,12011.6016851828,0.00156751737111438
gvc: backward,0.646008196795773,2020,"1-Agriculture, hunting, forestry",JPN,JPN,199.861647428477,0.00323227695312056
gvc: backward,0.79979622519866,2001,"1-Agriculture, hunting, forestry",JPN,JPN,176.579600452612,0.00452938064843621
gvc: backward,41.8128705156851,2020,11-Chemical and chemical products,JPN,JPN,24407.1508541966,0.00171314016803792
gvc: backward,27.9787459254297,2001,11-Chemical and chemical products,JPN,JPN,9568.5637466532,0.00292402775026878
gvc: backward,36.6024106307301,2020,18-Electrical equipment,JPN,JPN,13288.8445513204,0.00275437119377646
gvc: backward,38.2340815641105,2001,18-Electrical equipment,JPN,JPN,7556.21599167681,0.00505995085453161
gvc: backward,1322.60391618181,2020,"20-Motor vehicles, trailers and semi-trailers",JPN,JPN,35432.6904717398,0.0373272223636725
gvc: backward,291.333108177745,2001,"20-Motor vehicles, trailers and semi-trailers",JPN,JPN,12011.6016851828,0.0242543097759499
gvc: backward,0.0327327842354196,2020,"1-Agriculture, hunting, forestry",JPN,JPN,199.861647428477,0.000163777216172169
gvc: backward,0.116961877820649,2001,"1-Agriculture, hunting, forestry",JPN,JPN,176.579600452612,0.000662374801624026
gvc: backward,21.4623269700643,2020,11-Chemical and chemical products,JPN,JPN,24407.1508541966,0.000879345856395772
gvc: backward,5.02555682808692,2001,11-Chemical and chemical products,JPN,JPN,9568.5637466532,0.000525215378310534
gvc: backward,7.18355357067443,2020,18-Electrical equipment,JPN,JPN,13288.8445513204,0.000540570216088552
gvc: backward,6.84298459974892,2001,18-Electrical equipment,JPN,JPN,7556.21599167681,0.000905609978233349
gvc: backward,52.1655286177299,2020,"20-Motor vehicles, trailers and semi-trailers",JPN,JPN,35432.6904717398,0.00147224294636434
gvc: backward,15.2468117043782,2001,"20-Motor vehicles, trailers and semi-trailers",JPN,JPN,12011.6016851828,0.00126934043468876
gvc: backward,0.0235243713461859,2020,"1-Agriculture, hunting, forestry",JPN,JPN,199.861647428477,0.000117703279487899
gvc: backward,0.211189147008389,2001,"1-Agriculture, hunting, forestry",JPN,JPN,176.579600452612,0.00119599968777291
gvc: backward,4.68288612161261,2020,11-Chemical and chemical products,JPN,JPN,24407.1508541966,0.00019186533281116
gvc: backward,9.5336732324706,2001,11-Chemical and chemical products,JPN,JPN,9568.5637466532,0.000996353631003943
gvc: backward,7.3156692148242,2020,18-Electrical equipment,JPN,JPN,13288.8445513204,0.000550512061945771
gvc: backward,10.355751233593,2001,18-Electrical equipment,JPN,JPN,7556.21599167681,0.00137049433803902
gvc: backward,357.379214411758,2020,"20-Motor vehicles, trailers and semi-trailers",JPN,JPN,35432.6904717398,0.0100861438872895
gvc: backward,28.6402794686172,2001,"20-Motor vehicles, trailers and semi-trailers",JPN,JPN,12011.6016851828,0.0023843847156493
gvc: backward,0.653312193505718,2020,"1-Agriculture, hunting, forestry",JPN,JPN,199.861647428477,0.00326882221732668
gvc: backward,0.113157620540536,2001,"1-Agriculture, hunting, forestry",JPN,JPN,176.579600452612,0.00064083065229782
gvc: backward,23.8333292336052,2020,11-Chemical and chemical products,JPN,JPN,24407.1508541966,0.000976489610605544
gvc: backward,2.21599609837896,2001,11-Chemical and chemical products,JPN,JPN,9568.5637466532,0.000231591298030914
gvc: backward,17.2442188380893,2020,18-Electrical equipment,JPN,JPN,13288.8445513204,0.00129764621532697
gvc: backward,1.14845294407612,2001,18-Electrical equipment,JPN,JPN,7556.21599167681,0.000151987839593408
gvc: backward,21.2808299849883,2020,"20-Motor vehicles, trailers and semi-trailers",JPN,JPN,35432.6904717398,0.000600598760682916
gvc: backward,10.1955698559362,2001,"20-Motor vehicles, trailers and semi-trailers",JPN,JPN,12011.6016851828,0.000848810185615229
gvc: backward,0.0010399231660169,2020,"1-Agriculture, hunting, forestry",JPN,JPN,199.861647428477,5.20321522111464e-06
gvc: backward,0.0041630321529292,2001,"1-Agriculture, hunting, forestry",JPN,JPN,176.579600452612,2.35759518214926e-05
gvc: backward,1.05971633327487,2020,11-Chemical and chemical products,JPN,JPN,24407.1508541966,4.34182727679032e-05
gvc: backward,0.310909076238135,2001,11-Chemical and chemical products,JPN,JPN,9568.5637466532,3.24927632265482e-05
gvc: backward,2.50983135812653,2020,18-Electrical equipment,JPN,JPN,13288.8445513204,0.000188867538365264
gvc: backward,0.138528550293644,2001,18-Electrical equipment,JPN,JPN,7556.21599167681,1.83330585634706e-05
gvc: backward,4.24681106644874,2020,"20-Motor vehicles, trailers and semi-trailers",JPN,JPN,35432.6904717398,0.000119855732373354
gvc: backward,1.04856255636515,2001,"20-Motor vehicles, trailers and semi-trailers",JPN,JPN,12011.6016851828,8.7295814816989e-05
gvc: backward,0.0002440791601535,2020,"1-Agriculture, hunting, forestry",JPN,JPN,199.861647428477,1.22124060966147e-06
gvc: backward,0.0011372609670233,2001,"1-Agriculture, hunting, forestry",JPN,JPN,176.579600452612,6.44050028490409e-06
gvc: backward,0.670803487242191,2020,11-Chemical and chemical products,JPN,JPN,24407.1508541966,2.7483891554956e-05
gvc: backward,0.139023758805463,2001,11-Chemical and chemical products,JPN,JPN,9568.5637466532,1.45292190642602e-05
gvc: backward,0.302724946201894,2020,18-Electrical equipment,JPN,JPN,13288.8445513204,2.27803813215511e-05
gvc: backward,0.0453033821049834,2001,18-Electrical equipment,JPN,JPN,7556.21599167681,5.99551179517435e-06
gvc: backward,0.4700734880008,2020,"20-Motor vehicles, trailers and semi-trailers",JPN,JPN,35432.6904717398,1.3266660864371e-05
gvc: backward,0.043607053089066,2001,"20-Motor vehicles, trailers and semi-trailers",JPN,JPN,12011.6016851828,3.63041118345262e-06
gvc: backward,0.507004653017345,2020,"1-Agriculture, hunting, forestry",JPN,JPN,199.861647428477,0.00253677811396397
gvc: backward,0.52682669283061,2001,"1-Agriculture, hunting, forestry",JPN,JPN,176.579600452612,0.0029835082392317
gvc: backward,47.8842513940245,2020,11-Chemical and chemical products,JPN,JPN,24407.1508541966,0.00196189435137577
gvc: backward,22.5156742155804,2001,11-Chemical and chemical products,JPN,JPN,9568.5637466532,0.002353088176212
gvc: backward,28.6879206202563,2020,18-Electrical equipment,JPN,JPN,13288.8445513204,0.00215879721592544
gvc: backward,30.5063790043715,2001,18-Electrical equipment,JPN,JPN,7556.21599167681,0.00403725608664103
gvc: backward,173.510780959963,2020,"20-Motor vehicles, trailers and semi-trailers",JPN,JPN,35432.6904717398,0.00489691238937531
gvc: backward,38.7519607068891,2001,"20-Motor vehicles, trailers and semi-trailers",JPN,JPN,12011.6016851828,0.00322621093527373
gvc: backward,0.0120652037086571,2020,"1-Agriculture, hunting, forestry",JPN,JPN,199.861647428477,6.03677787304079e-05
gvc: backward,0.0047085470660003,2001,"1-Agriculture, hunting, forestry",JPN,JPN,176.579600452612,2.66652945976277e-05
gvc: backward,0.375297045439008,2020,11-Chemical and chemical products,JPN,JPN,24407.1508541966,1.53765200895818e-05
gvc: backward,0.0796202020877068,2001,11-Chemical and chemical products,JPN,JPN,9568.5637466532,8.32101914099236e-06
gvc: backward,0.328910308298297,2020,18-Electrical equipment,JPN,JPN,13288.8445513204,2.47508582877973e-05
gvc: backward,0.327960419927061,2001,18-Electrical equipment,JPN,JPN,7556.21599167681,4.34027323052054e-05
gvc: backward,8.26353425347257,2020,"20-Motor vehicles, trailers and semi-trailers",JPN,JPN,35432.6904717398,0.000233217803769752
gvc: backward,2.40367511492623,2001,"20-Motor vehicles, trailers and semi-trailers",JPN,JPN,12011.6016851828,0.000200112789112158
gvc: backward,0.656860239786677,2020,"1-Agriculture, hunting, forestry",JPN,JPN,199.861647428477,0.00328657472925986
gvc: backward,0.758592707171966,2001,"1-Agriculture, hunting, forestry",JPN,JPN,176.579600452612,0.00429603819029789
gvc: backward,23.3314680824192,2020,11-Chemical and chemical products,JPN,JPN,24407.1508541966,0.000955927556714698
gvc: backward,8.30495782521865,2001,11-Chemical and chemical products,JPN,JPN,9568.5637466532,0.000867941944591578
gvc: backward,80.547909447394,2020,18-Electrical equipment,JPN,JPN,13288.8445513204,0.00606131775688435
gvc: backward,39.4733315280083,2001,18-Electrical equipment,JPN,JPN,7556.21599167681,0.00522395489640427
gvc: backward,785.436803832676,2020,"20-Motor vehicles, trailers and semi-trailers",JPN,JPN,35432.6904717398,0.0221670099948837
gvc: backward,114.79581677826,2001,"20-Motor vehicles, trailers and semi-trailers",JPN,JPN,12011.6016851828,0.00955707821379635
gvc: backward,0.157932081856151,2020,"1-Agriculture, hunting, forestry",JPN,JPN,199.861647428477,0.000790207045164425
gvc: backward,0.153936369433283,2001,"1-Agriculture, hunting, forestry",JPN,JPN,176.579600452612,0.000871767571331627
gvc: backward,0.821143733397602,2020,11-Chemical and chemical products,JPN,JPN,24407.1508541966,3.36435718492072e-05
gvc: backward,4.46566173837616,2001,11-Chemical and chemical products,JPN,JPN,9568.5637466532,0.000466701362567409
gvc: backward,14.4482348151314,2020,18-Electrical equipment,JPN,JPN,13288.8445513204,0.00108724537783052
gvc: backward,23.9274910099953,2001,18-Electrical equipment,JPN,JPN,7556.21599167681,0.00316659701580149
gvc: backward,114.355541560985,2020,"20-Motor vehicles, trailers and semi-trailers",JPN,JPN,35432.6904717398,0.00322740215429568
gvc: backward,34.0448226099317,2001,"20-Motor vehicles, trailers and semi-trailers",JPN,JPN,12011.6016851828,0.0028343283021055
gvc: backward,0.0454754079380802,2020,"1-Agriculture, hunting, forestry",JPN,JPN,199.861647428477,0.00022753443956452
gvc: backward,0.0671312711332876,2001,"1-Agriculture, hunting, forestry",JPN,JPN,176.579600452612,0.000380175688251731
gvc: backward,5.01714157999283,2020,11-Chemical and chemical products,JPN,JPN,24407.1508541966,0.000205560313449293
gvc: backward,2.12058516049819,2001,11-Chemical and chemical products,JPN,JPN,9568.5637466532,0.000221620006580393
gvc: backward,4.60000975644788,2020,18-Electrical equipment,JPN,JPN,13288.8445513204,0.000346155735262238
gvc: backward,2.49326197721989,2001,18-Electrical equipment,JPN,JPN,7556.21599167681,0.000329961713636326
gvc: backward,104.942189149841,2020,"20-Motor vehicles, trailers and semi-trailers",JPN,JPN,35432.6904717398,0.00296173357858727
gvc: backward,19.0046403047506,2001,"20-Motor vehicles, trailers and semi-trailers",JPN,JPN,12011.6016851828,0.00158219035253177
gvc: backward,30.838183372784,2020,"1-Agriculture, hunting, forestry",JPN,JPN,199.861647428477,0.154297654250147
gvc: backward,4.50391158463263,2001,"1-Agriculture, hunting, forestry",JPN,JPN,176.579600452612,0.0255064094215193
gvc: backward,3111.42039317483,2020,11-Chemical and chemical products,JPN,JPN,24407.1508541966,0.127479868984374
gvc: backward,372.507632903328,2001,11-Chemical and chemical products,JPN,JPN,9568.5637466532,0.0389303601633652
gvc: backward,2200.63439615853,2020,18-Electrical equipment,JPN,JPN,13288.8445513204,0.165600130820996
gvc: backward,289.264177208267,2001,18-Electrical equipment,JPN,JPN,7556.21599167681,0.038281618408856
gvc: backward,3802.97105351319,2020,"20-Motor vehicles, trailers and semi-trailers",JPN,JPN,35432.6904717398,0.107329446420286
gvc: backward,137.633861301117,2001,"20-Motor vehicles, trailers and semi-trailers",JPN,JPN,12011.6016851828,0.0114584103692765
gvc: backward,0.0387516653563896,2020,"1-Agriculture, hunting, forestry",JPN,JPN,199.861647428477,0.00019389245438026
gvc: backward,0.0024453407551602,2001,"1-Agriculture, hunting, forestry",JPN,JPN,176.579600452612,1.38483763067322e-05
gvc: backward,4.37782383903809,2020,11-Chemical and chemical products,JPN,JPN,24407.1508541966,0.000179366443268628
gvc: backward,0.352332950422723,2001,11-Chemical and chemical products,JPN,JPN,9568.5637466532,3.68219264407324e-05
gvc: backward,3.41221337258169,2020,18-Electrical equipment,JPN,JPN,13288.8445513204,0.000256772766014684
gvc: backward,0.109440830181998,2001,18-Electrical equipment,JPN,JPN,7556.21599167681,1.44835497426949e-05
gvc: backward,8.06337019277721,2020,"20-Motor vehicles, trailers and semi-trailers",JPN,JPN,35432.6904717398,0.000227568668521188
gvc: backward,1.63725283430631,2001,"20-Motor vehicles, trailers and semi-trailers",JPN,JPN,12011.6016851828,0.000136305954627682
gvc: backward,0.0296282347008413,2020,"1-Agriculture, hunting, forestry",JPN,JPN,199.861647428477,0.000148243723005656
gvc: backward,0.0026116201606841,2001,"1-Agriculture, hunting, forestry",JPN,JPN,176.579600452612,1.47900445690779e-05
gvc: backward,1.97365913573837,2020,11-Chemical and chemical products,JPN,JPN,24407.1508541966,8.08639708718405e-05
gvc: backward,0.0897562418841188,2001,11-Chemical and chemical products,JPN,JPN,9568.5637466532,9.38032543447421e-06
gvc: backward,1.62670833690617,2020,18-Electrical equipment,JPN,JPN,13288.8445513204,0.000122411570894969
gvc: backward,0.109807901559033,2001,18-Electrical equipment,JPN,JPN,7556.21599167681,1.45321284727682e-05
gvc: backward,3.96524465945784,2020,"20-Motor vehicles, trailers and semi-trailers",JPN,JPN,35432.6904717398,0.000111909217354534
gvc: backward,3.66172141315886,2001,"20-Motor vehicles, trailers and semi-trailers",JPN,JPN,12011.6016851828,0.000304848721188937
gvc: backward,0.326668299389692,2020,"1-Agriculture, hunting, forestry",JPN,JPN,199.861647428477,0.00163447216408338
gvc: backward,0.0564030307294563,2001,"1-Agriculture, hunting, forestry",JPN,JPN,176.579600452612,0.000319419857021326
gvc: backward,5.35009957121425,2020,11-Chemical and chemical products,JPN,JPN,24407.1508541966,0.000219202134783149
gvc: backward,6.49753404491426,2001,11-Chemical and chemical products,JPN,JPN,9568.5637466532,0.000679050087029718
gvc: backward,2.22542989959848,2020,18-Electrical equipment,JPN,JPN,13288.8445513204,0.000167466019412302
gvc: backward,1.66801713528825,2001,18-Electrical equipment,JPN,JPN,7556.21599167681,0.00022074767808723
gvc: backward,39.0866461551698,2020,"20-Motor vehicles, trailers and semi-trailers",JPN,JPN,35432.6904717398,0.00110312385638184
gvc: backward,4.55507836916148,2001,"20-Motor vehicles, trailers and semi-trailers",JPN,JPN,12011.6016851828,0.000379223228387644
gvc: backward,0.0010060334126416,2020,"1-Agriculture, hunting, forestry",JPN,JPN,199.861647428477,5.0336491547315e-06
gvc: backward,0.0113818127808615,2001,"1-Agriculture, hunting, forestry",JPN,JPN,176.579600452612,6.44571216136372e-05
gvc: backward,0.85681496641825,2020,11-Chemical and chemical products,JPN,JPN,24407.1508541966,3.51050793079737e-05
gvc: backward,0.270561294594097,2001,11-Chemical and chemical products,JPN,JPN,9568.5637466532,2.82760612520068e-05
gvc: backward,0.462292917684188,2020,18-Electrical equipment,JPN,JPN,13288.8445513204,3.47880446564675e-05
gvc: backward,0.413872818318291,2001,18-Electrical equipment,JPN,JPN,7556.21599167681,5.47724970771313e-05
gvc: backward,37.6348479574329,2020,"20-Motor vehicles, trailers and semi-trailers",JPN,JPN,35432.6904717398,0.00106215044515035
gvc: backward,9.31498299184293,2001,"20-Motor vehicles, trailers and semi-trailers",JPN,JPN,12011.6016851828,0.000775498824884749
gvc: backward,0.0003173265501451,2020,"1-Agriculture, hunting, forestry",JPN,JPN,199.861647428477,1.58773108411737e-06
gvc: backward,0.0101554606907365,2001,"1-Agriculture, hunting, forestry",JPN,JPN,176.579600452612,5.75120833024076e-05
gvc: backward,0.0709958275036981,2020,11-Chemical and chemical products,JPN,JPN,24407.1508541966,2.90881258233756e-06
gvc: backward,0.199660639926307,2001,11-Chemical and chemical products,JPN,JPN,9568.5637466532,2.08663123549908e-05
gvc: backward,0.147190204814202,2020,18-Electrical equipment,JPN,JPN,13288.8445513204,1.10762229361451e-05
gvc: backward,0.265965057243101,2001,18-Electrical equipment,JPN,JPN,7556.21599167681,3.51981808799619e-05
gvc: backward,10.7276082607074,2020,"20-Motor vehicles, trailers and semi-trailers",JPN,JPN,35432.6904717398,0.000302760194551511
gvc: backward,5.11235964096395,2001,"20-Motor vehicles, trailers and semi-trailers",JPN,JPN,12011.6016851828,0.000425618479113441
gvc: backward,0.0487827983157143,2020,"1-Agriculture, hunting, forestry",JPN,JPN,199.861647428477,0.000244082839020787
gvc: backward,0.042661629777681,2001,"1-Agriculture, hunting, forestry",JPN,JPN,176.579600452612,0.000241599990419787
gvc: backward,9.28534126120534,2020,11-Chemical and chemical products,JPN,JPN,24407.1508541966,0.000380435279671687
gvc: backward,1.28129636908829,2001,11-Chemical and chemical products,JPN,JPN,9568.5637466532,0.000133906864500584
gvc: backward,9.24934595846977,2020,18-Electrical equipment,JPN,JPN,13288.8445513204,0.000696023339181191
gvc: backward,3.66114741364035,2001,18-Electrical equipment,JPN,JPN,7556.21599167681,0.000484521275949908
gvc: backward,34.3268622323679,2020,"20-Motor vehicles, trailers and semi-trailers",JPN,JPN,35432.6904717398,0.000968790734639418
gvc: backward,3.56820870217826,2001,"20-Motor vehicles, trailers and semi-trailers",JPN,JPN,12011.6016851828,0.000297063522059669
gvc: backward,1.03812376307315,2020,"1-Agriculture, hunting, forestry",JPN,JPN,199.861647428477,0.0051942119782869
gvc: backward,1.67044970599836,2001,"1-Agriculture, hunting, forestry",JPN,JPN,176.579600452612,0.00946003786233874
gvc: backward,224.324069707897,2020,11-Chemical and chemical products,JPN,JPN,24407.1508541966,0.00919091585281559
gvc: backward,82.4240096484711,2001,11-Chemical and chemical products,JPN,JPN,9568.5637466532,0.0086140419639573
gvc: backward,109.319056881276,2020,18-Electrical equipment,JPN,JPN,13288.8445513204,0.00822637788101857
gvc: backward,103.525809468523,2001,18-Electrical equipment,JPN,JPN,7556.21599167681,0.0137007477793855
gvc: backward,323.932407260406,2020,"20-Motor vehicles, trailers and semi-trailers",JPN,JPN,35432.6904717398,0.0091421905293578
gvc: backward,107.499322573642,2001,"20-Motor vehicles, trailers and semi-trailers",JPN,JPN,12011.6016851828,0.00894962432081397
gvc: backward,0.538499049043285,2020,"1-Agriculture, hunting, forestry",JPN,JPN,199.861647428477,0.0026943591027688
gvc: backward,0.0378145396063149,2001,"1-Agriculture, hunting, forestry",JPN,JPN,176.579600452612,0.000214150102896302
gvc: backward,2.13663573693897,2020,11-Chemical and chemical products,JPN,JPN,24407.1508541966,8.75413828391032e-05
gvc: backward,1.60041639741016,2001,11-Chemical and chemical products,JPN,JPN,9568.5637466532,0.000167257745235792
gvc: backward,1.89876591396677,2020,18-Electrical equipment,JPN,JPN,13288.8445513204,0.000142884199347347
gvc: backward,1.94063092061162,2001,18-Electrical equipment,JPN,JPN,7556.21599167681,0.000256825760770898
gvc: backward,4.99568198758922,2020,"20-Motor vehicles, trailers and semi-trailers",JPN,JPN,35432.6904717398,0.000140990760822231
gvc: backward,8.60861633588515,2001,"20-Motor vehicles, trailers and semi-trailers",JPN,JPN,12011.6016851828,0.000716691791945159
gvc: backward,0.0194127163168971,2020,"1-Agriculture, hunting, forestry",JPN,JPN,199.861647428477,9.71307730456098e-05
gvc: backward,0.0858185653256553,2001,"1-Agriculture, hunting, forestry",JPN,JPN,176.579600452612,0.00048600498078874
gvc: backward,9.36230993533474,2020,11-Chemical and chemical products,JPN,JPN,24407.1508541966,0.000383588809331466
gvc: backward,1.64791341475327,2001,11-Chemical and chemical products,JPN,JPN,9568.5637466532,0.000172221605915482
gvc: backward,4.77549021447222,2020,18-Electrical equipment,JPN,JPN,13288.8445513204,0.000359360830509356
gvc: backward,3.5352974968214,2001,18-Electrical equipment,JPN,JPN,7556.21599167681,0.000467866125149882
gvc: backward,50.2213053965565,2020,"20-Motor vehicles, trailers and semi-trailers",JPN,JPN,35432.6904717398,0.00141737205749622
gvc: backward,12.7104419596111,2001,"20-Motor vehicles, trailers and semi-trailers",JPN,JPN,12011.6016851828,0.00105818044027304
gvc: backward,0.115618071031852,2020,"1-Agriculture, hunting, forestry",JPN,JPN,199.861647428477,0.000578490533423764
gvc: backward,0.411166649890211,2001,"1-Agriculture, hunting, forestry",JPN,JPN,176.579600452612,0.00232850594766496
gvc: backward,18.1322605318106,2020,11-Chemical and chemical products,JPN,JPN,24407.1508541966,0.00074290770930737
gvc: backward,18.6550889720657,2001,11-Chemical and chemical products,JPN,JPN,9568.5637466532,0.00194962268800171
gvc: backward,14.3724678322744,2020,18-Electrical equipment,JPN,JPN,13288.8445513204,0.00108154382999735
gvc: backward,16.8024229224341,2001,18-Electrical equipment,JPN,JPN,7556.21599167681,0.00222365572145397
gvc: backward,180.758996449145,2020,"20-Motor vehicles, trailers and semi-trailers",JPN,JPN,35432.6904717398,0.00510147533372646
gvc: backward,53.3157094284503,2001,"20-Motor vehicles, trailers and semi-trailers",JPN,JPN,12011.6016851828,0.00443868443408502
gvc: backward,0.0008820708819364,2020,"1-Agriculture, hunting, forestry",JPN,JPN,199.861647428477,4.41340744102522e-06
gvc: backward,0.0045300507428339,2001,"1-Agriculture, hunting, forestry",JPN,JPN,176.579600452612,2.56544398742685e-05
gvc: backward,0.36471010606775,2020,11-Chemical and chemical products,JPN,JPN,24407.1508541966,1.49427562539542e-05
gvc: backward,0.114663326879817,2001,11-Chemical and chemical products,JPN,JPN,9568.5637466532,1.19833373028343e-05
gvc: backward,0.28391486548399,2020,18-Electrical equipment,JPN,JPN,13288.8445513204,2.1364902297377e-05
gvc: backward,0.850324610899521,2001,18-Electrical equipment,JPN,JPN,7556.21599167681,0.000112533126612071
gvc: backward,15.7785117090824,2020,"20-Motor vehicles, trailers and semi-trailers",JPN,JPN,35432.6904717398,0.000445309444442751
gvc: backward,1.79638945068994,2001,"20-Motor vehicles, trailers and semi-trailers",JPN,JPN,12011.6016851828,0.000149554530509109
gvc: backward,0.0085620497499902,2020,"1-Agriculture, hunting, forestry",JPN,JPN,199.861647428477,4.28398837903817e-05
gvc: backward,0.106661321831132,2001,"1-Agriculture, hunting, forestry",JPN,JPN,176.579600452612,0.000604041019221561
gvc: backward,4.20737259274232,2020,11-Chemical and chemical products,JPN,JPN,24407.1508541966,0.000172382783139102
gvc: backward,2.43895320233307,2001,11-Chemical and chemical products,JPN,JPN,9568.5637466532,0.000254892298040669
gvc: backward,3.13205617026935,2020,18-Electrical equipment,JPN,JPN,13288.8445513204,0.000235690631956271
gvc: backward,12.3268339080394,2001,18-Electrical equipment,JPN,JPN,7556.21599167681,0.00163135012572661
gvc: backward,13.5243990895057,2020,"20-Motor vehicles, trailers and semi-trailers",JPN,JPN,35432.6904717398,0.000381692694216727
gvc: backward,7.38578591992719,2001,"20-Motor vehicles, trailers and semi-trailers",JPN,JPN,12011.6016851828,0.000614887682217943
gvc: backward,0.531250804712689,2020,"1-Agriculture, hunting, forestry",JPN,JPN,199.861647428477,0.00265809279343003
gvc: backward,1.04467894492859,2001,"1-Agriculture, hunting, forestry",JPN,JPN,176.579600452612,0.00591619270997809
gvc: backward,87.0531445906842,2020,11-Chemical and chemical products,JPN,JPN,24407.1508541966,0.00356670654066598
gvc: backward,55.603915509738,2001,11-Chemical and chemical products,JPN,JPN,9568.5637466532,0.00581110362871195
gvc: backward,69.2184490524589,2020,18-Electrical equipment,JPN,JPN,13288.8445513204,0.0052087635448773
gvc: backward,51.6419895811442,2001,18-Electrical equipment,JPN,JPN,7556.21599167681,0.00683437181229705
gvc: backward,221.04916872935,2020,"20-Motor vehicles, trailers and semi-trailers",JPN,JPN,35432.6904717398,0.00623856573650971
gvc: backward,73.7847595234274,2001,"20-Motor vehicles, trailers and semi-trailers",JPN,JPN,12011.6016851828,0.00614279106627773
gvc: backward,0.367252152656509,2020,"1-Agriculture, hunting, forestry",JPN,JPN,199.861647428477,0.00183753189960037
gvc: backward,1.23337836338988,2001,"1-Agriculture, hunting, forestry",JPN,JPN,176.579600452612,0.00698482927942106
gvc: backward,28.8691541257944,2020,11-Chemical and chemical products,JPN,JPN,24407.1508541966,0.00118281540923203
gvc: backward,38.4605855484225,2001,11-Chemical and chemical products,JPN,JPN,9568.5637466532,0.00401947320065406
gvc: backward,68.264849737032,2020,18-Electrical equipment,JPN,JPN,13288.8445513204,0.00513700415964677
gvc: backward,95.9400791240332,2001,18-Electrical equipment,JPN,JPN,7556.21599167681,0.0126968418094072
gvc: backward,440.20134534996,2020,"20-Motor vehicles, trailers and semi-trailers",JPN,JPN,35432.6904717398,0.0124235935654125
gvc: backward,182.472838661789,2001,"20-Motor vehicles, trailers and semi-trailers",JPN,JPN,12011.6016851828,0.0151913827518009
gvc: backward,0.0077793773220966,2020,"1-Agriculture, hunting, forestry",JPN,JPN,199.861647428477,3.89238126583568e-05
gvc: backward,0.0778782849998725,2001,"1-Agriculture, hunting, forestry",JPN,JPN,176.579600452612,0.00044103783676174
gvc: backward,0.488903254837206,2020,11-Chemical and chemical products,JPN,JPN,24407.1508541966,2.00311481564487e-05
gvc: backward,1.09007245272606,2001,11-Chemical and chemical products,JPN,JPN,9568.5637466532,0.000113922264781623
gvc: backward,0.326593424798571,2020,18-Electrical equipment,JPN,JPN,13288.8445513204,2.45765102855478e-05
gvc: backward,1.98013984042027,2001,18-Electrical equipment,JPN,JPN,7556.21599167681,0.000262054425469229
gvc: backward,13.4804508033584,2020,"20-Motor vehicles, trailers and semi-trailers",JPN,JPN,35432.6904717398,0.000380452362603118
gvc: backward,26.1760049753118,2001,"20-Motor vehicles, trailers and semi-trailers",JPN,JPN,12011.6016851828,0.00217922685594893
gvc: backward,7.96170334155487,2020,"1-Agriculture, hunting, forestry",JPN,JPN,199.861647428477,0.039836073824039
gvc: backward,2.15013353153515,2001,"1-Agriculture, hunting, forestry",JPN,JPN,176.579600452612,0.0121765681087956
gvc: backward,20.462475654459,2020,11-Chemical and chemical products,JPN,JPN,24407.1508541966,0.000838380349132011
gvc: backward,19.9173329267004,2001,11-Chemical and chemical products,JPN,JPN,9568.5637466532,0.00208153840576825
gvc: backward,188.395975946424,2020,18-Electrical equipment,JPN,JPN,13288.8445513204,0.0141770020123913
gvc: backward,11.5576412940135,2001,18-Electrical equipment,JPN,JPN,7556.21599167681,0.00152955411898552
gvc: backward,64.5461831715682,2020,"20-Motor vehicles, trailers and semi-trailers",JPN,JPN,35432.6904717398,0.00182165628159252
gvc: backward,8.66386119035056,2001,"20-Motor vehicles, trailers and semi-trailers",JPN,JPN,12011.6016851828,0.000721291083189853
gvc: backward,0.0002387837247113,2020,"1-Agriculture, hunting, forestry",JPN,JPN,199.861647428477,1.19474510384366e-06
gvc: backward,0.0103010101945224,2001,"1-Agriculture, hunting, forestry",JPN,JPN,176.579600452612,5.83363546418649e-05
gvc: backward,0.13971744649063,2020,11-Chemical and chemical products,JPN,JPN,24407.1508541966,5.72444720505371e-06
gvc: backward,0.336669643929733,2001,11-Chemical and chemical products,JPN,JPN,9568.5637466532,3.51849716262266e-05
gvc: backward,0.0244306109278685,2020,18-Electrical equipment,JPN,JPN,13288.8445513204,1.83843003306417e-06
gvc: backward,0.338337573068785,2001,18-Electrical equipment,JPN,JPN,7556.21599167681,4.47760590011541e-05
gvc: backward,0.481172528073338,2020,"20-Motor vehicles, trailers and semi-trailers",JPN,JPN,35432.6904717398,1.35799038025946e-05
gvc: backward,2.09912946260381,2001,"20-Motor vehicles, trailers and semi-trailers",JPN,JPN,12011.6016851828,0.000174758497461104
gvc: backward,0.00392287968133,2020,"1-Agriculture, hunting, forestry",JPN,JPN,199.861647428477,1.96279763116325e-05
gvc: backward,0.0593062691524359,2001,"1-Agriculture, hunting, forestry",JPN,JPN,176.579600452612,0.000335861384896222
gvc: backward,2.90436446268847,2020,11-Chemical and chemical products,JPN,JPN,24407.1508541966,0.000118996456408966
gvc: backward,1.87460061458347,2001,11-Chemical and chemical products,JPN,JPN,9568.5637466532,0.000195912434114174
gvc: backward,10.6678088373045,2020,18-Electrical equipment,JPN,JPN,13288.8445513204,0.000802764212953681
gvc: backward,5.07195413978906,2001,18-Electrical equipment,JPN,JPN,7556.21599167681,0.000671229375308465
gvc: backward,29.0764358066831,2020,"20-Motor vehicles, trailers and semi-trailers",JPN,JPN,35432.6904717398,0.000820610442491623
gvc: backward,7.19640921447829,2001,"20-Motor vehicles, trailers and semi-trailers",JPN,JPN,12011.6016851828,0.000599121532922258
gvc: backward,0.726451909814617,2020,"1-Agriculture, hunting, forestry",JPN,JPN,199.861647428477,0.00363477395068799
gvc: backward,0.613009182687371,2001,"1-Agriculture, hunting, forestry",JPN,JPN,176.579600452612,0.00347157418589743
gvc: backward,167.000294447766,2020,11-Chemical and chemical products,JPN,JPN,24407.1508541966,0.00684226911389175
gvc: backward,43.4033686126374,2001,11-Chemical and chemical products,JPN,JPN,9568.5637466532,0.00453603798457408
gvc: backward,72.9543032461108,2020,18-Electrical equipment,JPN,JPN,13288.8445513204,0.00548989063453693
gvc: backward,31.217795590076,2001,18-Electrical equipment,JPN,JPN,7556.21599167681,0.00413140593446011
gvc: backward,318.391422549901,2020,"20-Motor vehicles, trailers and semi-trailers",JPN,JPN,35432.6904717398,0.00898580994869249
gvc: backward,58.865864229946,2001,"20-Motor vehicles, trailers and semi-trailers",JPN,JPN,12011.6016851828,0.00490075060535527
gvc: backward,0.460935175683495,2020,"1-Agriculture, hunting, forestry",JPN,JPN,199.861647428477,0.00230627127122249
gvc: backward,0.439562088534301,2001,"1-Agriculture, hunting, forestry",JPN,JPN,176.579600452612,0.00248931409634865
gvc: backward,262.581168061403,2020,11-Chemical and chemical products,JPN,JPN,24407.1508541966,0.0107583703493296
gvc: backward,36.2075696854035,2001,11-Chemical and chemical products,JPN,JPN,9568.5637466532,0.00378401300801992
gvc: backward,145.277508365718,2020,18-Electrical equipment,JPN,JPN,13288.8445513204,0.0109322904489302
gvc: backward,54.6615372418747,2001,18-Electrical equipment,JPN,JPN,7556.21599167681,0.00723398289594746
gvc: backward,85.7045834685838,2020,"20-Motor vehicles, trailers and semi-trailers",JPN,JPN,35432.6904717398,0.00241879976732051
gvc: backward,16.0761895662314,2001,"20-Motor vehicles, trailers and semi-trailers",JPN,JPN,12011.6016851828,0.00133838850034984
gvc: backward,0.0005094505813384,2020,"1-Agriculture, hunting, forestry",JPN,JPN,199.861647428477,2.54901622143745e-06
gvc: backward,0.15900644983353,2001,"1-Agriculture, hunting, forestry",JPN,JPN,176.579600452612,0.000900480290055938
gvc: backward,9.6841220415617,2020,11-Chemical and chemical products,JPN,JPN,24407.1508541966,0.000396773965933701
gvc: backward,0.31623868871898,2001,11-Chemical and chemical products,JPN,JPN,9568.5637466532,3.30497551243875e-05
gvc: backward,3.56884521388893,2020,18-Electrical equipment,JPN,JPN,13288.8445513204,0.000268559482361793
gvc: backward,0.967739928463424,2001,18-Electrical equipment,JPN,JPN,7556.21599167681,0.000128072030964889
gvc: backward,37.1521356109677,2020,"20-Motor vehicles, trailers and semi-trailers",JPN,JPN,35432.6904717398,0.00104852708378437
gvc: backward,11.3930672650097,2001,"20-Motor vehicles, trailers and semi-trailers",JPN,JPN,12011.6016851828,0.000948505250474955
gvc: backward,0.0042333651468831,2020,"1-Agriculture, hunting, forestry",JPN,JPN,199.861647428477,2.11814782943689e-05
gvc: backward,0.0048444238344813,2001,"1-Agriculture, hunting, forestry",JPN,JPN,176.579600452612,2.74347876088969e-05
gvc: backward,0.188581132101094,2020,11-Chemical and chemical products,JPN,JPN,24407.1508541966,7.72647054249141e-06
gvc: backward,0.155798054791846,2001,11-Chemical and chemical products,JPN,JPN,9568.5637466532,1.62822821603022e-05
gvc: backward,0.19742849149524,2020,18-Electrical equipment,JPN,JPN,13288.8445513204,1.485670862751e-05
gvc: backward,0.150885708987182,2001,18-Electrical equipment,JPN,JPN,7556.21599167681,1.99684219129499e-05
gvc: backward,11.3735024262594,2020,"20-Motor vehicles, trailers and semi-trailers",JPN,JPN,35432.6904717398,0.000320988958920029
gvc: backward,3.66275196584553,2001,"20-Motor vehicles, trailers and semi-trailers",JPN,JPN,12011.6016851828,0.000304934517630884
gvc: backward,0.447206845380586,2020,"1-Agriculture, hunting, forestry",JPN,JPN,199.861647428477,0.00223758210309271
gvc: backward,0.106433816077729,2001,"1-Agriculture, hunting, forestry",JPN,JPN,176.579600452612,0.000602752615845294
gvc: backward,8.96710031971932,2020,11-Chemical and chemical products,JPN,JPN,24407.1508541966,0.000367396439399542
gvc: backward,2.9499657750353,2001,11-Chemical and chemical products,JPN,JPN,9568.5637466532,0.00030829765606851
gvc: backward,10.9569550057051,2020,18-Electrical equipment,JPN,JPN,13288.8445513204,0.000824522776482958
gvc: backward,3.62292480249753,2001,18-Electrical equipment,JPN,JPN,7556.21599167681,0.000479462843106681
gvc: backward,100.655964801513,2020,"20-Motor vehicles, trailers and semi-trailers",JPN,JPN,35432.6904717398,0.00284076550387258
gvc: backward,25.7090784725645,2001,"20-Motor vehicles, trailers and semi-trailers",JPN,JPN,12011.6016851828,0.00214035389670626
gvc: backward,0.388183676922622,2020,"1-Agriculture, hunting, forestry",JPN,JPN,199.861647428477,0.00194226196930323
gvc: backward,0.596727448961915,2001,"1-Agriculture, hunting, forestry",JPN,JPN,176.579600452612,0.00337936798719881
gvc: backward,37.1458672737664,2020,11-Chemical and chemical products,JPN,JPN,24407.1508541966,0.00152192558220615
gvc: backward,37.0374502449339,2001,11-Chemical and chemical products,JPN,JPN,9568.5637466532,0.0038707429062056
gvc: backward,10.3245458415146,2020,18-Electrical equipment,JPN,JPN,13288.8445513204,0.000776933299328027
gvc: backward,19.0028695276981,2001,18-Electrical equipment,JPN,JPN,7556.21599167681,0.00251486584669229
gvc: backward,154.74772837828,2020,"20-Motor vehicles, trailers and semi-trailers",JPN,JPN,35432.6904717398,0.00436737166492346
gvc: backward,78.4404087730288,2001,"20-Motor vehicles, trailers and semi-trailers",JPN,JPN,12011.6016851828,0.00653038710647481
gvc: backward,0.0047475933111896,2020,"1-Agriculture, hunting, forestry",JPN,JPN,199.861647428477,2.37543989668582e-05
gvc: backward,0.0088560407605279,2001,"1-Agriculture, hunting, forestry",JPN,JPN,176.579600452612,5.01532495136919e-05
gvc: backward,0.892344812788751,2020,11-Chemical and chemical products,JPN,JPN,24407.1508541966,3.65607939295922e-05
gvc: backward,0.325359360034177,2001,11-Chemical and chemical products,JPN,JPN,9568.5637466532,3.40029463824159e-05
gvc: backward,0.600287125245878,2020,18-Electrical equipment,JPN,JPN,13288.8445513204,4.51722588015551e-05
gvc: backward,0.460303476001841,2001,18-Electrical equipment,JPN,JPN,7556.21599167681,6.09171940702683e-05
gvc: backward,38.8569830805069,2020,"20-Motor vehicles, trailers and semi-trailers",JPN,JPN,35432.6904717398,0.00109664218446799
gvc: backward,4.5898989059292,2001,"20-Motor vehicles, trailers and semi-trailers",JPN,JPN,12011.6016851828,0.000382122137099433
gvc: backward,0,2020,"1-Agriculture, hunting, forestry",JPN,JPN,199.861647428477,0
gvc: backward,0,2001,"1-Agriculture, hunting, forestry",JPN,JPN,176.579600452612,0
gvc: backward,0,2020,11-Chemical and chemical products,JPN,JPN,24407.1508541966,0
gvc: backward,0,2001,11-Chemical and chemical products,JPN,JPN,9568.5637466532,0
gvc: backward,0,2020,18-Electrical equipment,JPN,JPN,13288.8445513204,0
gvc: backward,0,2001,18-Electrical equipment,JPN,JPN,7556.21599167681,0
gvc: backward,0,2020,"20-Motor vehicles, trailers and semi-trailers",JPN,JPN,35432.6904717398,0
gvc: backward,0,2001,"20-Motor vehicles, trailers and semi-trailers",JPN,JPN,12011.6016851828,0
gvc: backward,0.0055659723390399,2020,"1-Agriculture, hunting, forestry",JPN,JPN,199.861647428477,2.78491266866583e-05
gvc: backward,0.0085158411624452,2001,"1-Agriculture, hunting, forestry",JPN,JPN,176.579600452612,4.82266419258919e-05
gvc: backward,1.73291637362101,2020,11-Chemical and chemical products,JPN,JPN,24407.1508541966,7.10003549358589e-05
gvc: backward,0.39280892753128,2001,11-Chemical and chemical products,JPN,JPN,9568.5637466532,4.10520259812945e-05
gvc: backward,0.973756069915485,2020,18-Electrical equipment,JPN,JPN,13288.8445513204,7.3276202920045e-05
gvc: backward,0.103842998292726,2001,18-Electrical equipment,JPN,JPN,7556.21599167681,1.37427249839218e-05
gvc: backward,14.2742043684832,2020,"20-Motor vehicles, trailers and semi-trailers",JPN,JPN,35432.6904717398,0.000402854092603212
gvc: backward,1.80416647335583,2001,"20-Motor vehicles, trailers and semi-trailers",JPN,JPN,12011.6016851828,0.000150201989763064
gvc: backward,0.122713325794139,2020,"1-Agriculture, hunting, forestry",JPN,JPN,199.861647428477,0.000613991365392169
gvc: backward,0.014619718616186,2001,"1-Agriculture, hunting, forestry",JPN,JPN,176.579600452612,8.27939273772986e-05
gvc: backward,0.839719414575728,2020,11-Chemical and chemical products,JPN,JPN,24407.1508541966,3.44046472114686e-05
gvc: backward,0.267397752270592,2001,11-Chemical and chemical products,JPN,JPN,9568.5637466532,2.79454429473932e-05
gvc: backward,2.7983126341351,2020,18-Electrical equipment,JPN,JPN,13288.8445513204,0.000210576068019177
gvc: backward,1.18564679883638,2001,18-Electrical equipment,JPN,JPN,7556.21599167681,0.000156910125404352
gvc: backward,27.4349820572721,2020,"20-Motor vehicles, trailers and semi-trailers",JPN,JPN,35432.6904717398,0.000774284472672306
gvc: backward,2.63278866817127,2001,"20-Motor vehicles, trailers and semi-trailers",JPN,JPN,12011.6016851828,0.000219187143994211
gvc: backward,4.85552632144252,2020,"1-Agriculture, hunting, forestry",JPN,JPN,199.861647428477,0.0242944375967887
gvc: backward,3.1379789421882,2001,"1-Agriculture, hunting, forestry",JPN,JPN,176.579600452612,0.0177709029477067
gvc: backward,544.658074299824,2020,11-Chemical and chemical products,JPN,JPN,24407.1508541966,0.0223155122674294
gvc: backward,148.058873850455,2001,11-Chemical and chemical products,JPN,JPN,9568.5637466532,0.0154734689312429
gvc: backward,226.184135126199,2020,18-Electrical equipment,JPN,JPN,13288.8445513204,0.0170206020736186
gvc: backward,147.79494548894,2001,18-Electrical equipment,JPN,JPN,7556.21599167681,0.0195593860275747
gvc: backward,226.607465904183,2020,"20-Motor vehicles, trailers and semi-trailers",JPN,JPN,35432.6904717398,0.00639543491863592
gvc: backward,66.1894160219424,2001,"20-Motor vehicles, trailers and semi-trailers",JPN,JPN,12011.6016851828,0.00551045711943579
gvc: backward,0.25179924357058,2020,"1-Agriculture, hunting, forestry",JPN,JPN,199.861647428477,0.00125986774756617
gvc: backward,0.0031634423452369,2001,"1-Agriculture, hunting, forestry",JPN,JPN,176.579600452612,1.79151064852809e-05
gvc: backward,0.34719450507524,2020,11-Chemical and chemical products,JPN,JPN,24407.1508541966,1.4225114072073e-05
gvc: backward,0.142624052479135,2001,11-Chemical and chemical products,JPN,JPN,9568.5637466532,1.49054817687786e-05
gvc: backward,1.74778242585786,2020,18-Electrical equipment,JPN,JPN,13288.8445513204,0.000131522527719252
gvc: backward,0.223137961723926,2001,18-Electrical equipment,JPN,JPN,7556.21599167681,2.95303842518151e-05
gvc: backward,16.0071197671581,2020,"20-Motor vehicles, trailers and semi-trailers",JPN,JPN,35432.6904717398,0.000451761341124377
gvc: backward,0.13484762995418,2001,"20-Motor vehicles, trailers and semi-trailers",JPN,JPN,12011.6016851828,1.12264486859005e-05
gvc: backward,0.0012821064038591,2020,"1-Agriculture, hunting, forestry",JPN,JPN,199.861647428477,6.41496965703696e-06
gvc: backward,0.0037510035031089,2001,"1-Agriculture, hunting, forestry",JPN,JPN,176.579600452612,2.1242564223128e-05
gvc: backward,0.595726785392176,2020,11-Chemical and chemical products,JPN,JPN,24407.1508541966,2.44078790249189e-05
gvc: backward,0.231279031464918,2001,11-Chemical and chemical products,JPN,JPN,9568.5637466532,2.41707154373939e-05
gvc: backward,0.08989618885605,2020,18-Electrical equipment,JPN,JPN,13288.8445513204,6.76478594575162e-06
gvc: backward,0.156015895588877,2001,18-Electrical equipment,JPN,JPN,7556.21599167681,2.06473578522277e-05
gvc: backward,0.505452345721887,2020,"20-Motor vehicles, trailers and semi-trailers",JPN,JPN,35432.6904717398,1.42651415682087e-05
gvc: backward,1.59691929223801,2001,"20-Motor vehicles, trailers and semi-trailers",JPN,JPN,12011.6016851828,0.000132948072546222
gvc: backward,0.0061302603235698,2020,"1-Agriculture, hunting, forestry",JPN,JPN,199.861647428477,3.06725197277461e-05
gvc: backward,0.0054964192555092,2001,"1-Agriculture, hunting, forestry",JPN,JPN,176.579600452612,3.11271474248479e-05
gvc: backward,0.0825168667624493,2020,11-Chemical and chemical products,JPN,JPN,24407.1508541966,3.380847984076e-06
gvc: backward,0.0597516085371708,2001,11-Chemical and chemical products,JPN,JPN,9568.5637466532,6.2445744334483e-06
gvc: backward,2.70724772119998,2020,18-Electrical equipment,JPN,JPN,13288.8445513204,0.000203723334315848
gvc: backward,3.08706352163135,2001,18-Electrical equipment,JPN,JPN,7556.21599167681,0.000408546225390031
gvc: backward,1.00224455010544,2020,"20-Motor vehicles, trailers and semi-trailers",JPN,JPN,35432.6904717398,2.82858720791977e-05
gvc: backward,0.0696445567686078,2001,"20-Motor vehicles, trailers and semi-trailers",JPN,JPN,12011.6016851828,5.79810741264586e-06
gvc: backward,8.05434780313e-05,2020,"1-Agriculture, hunting, forestry",JPN,JPN,199.861647428477,4.0299616793724e-07
gvc: backward,0.00066743548549,2001,"1-Agriculture, hunting, forestry",JPN,JPN,176.579600452612,3.77979949993779e-06
gvc: backward,0.156421416243959,2020,11-Chemical and chemical products,JPN,JPN,24407.1508541966,6.40883555718523e-06
gvc: backward,0.0126696772776796,2001,11-Chemical and chemical products,JPN,JPN,9568.5637466532,1.32409394065134e-06
gvc: backward,0.0238104543295377,2020,18-Electrical equipment,JPN,JPN,13288.8445513204,1.79176257481106e-06
gvc: backward,0.0165689658822994,2001,18-Electrical equipment,JPN,JPN,7556.21599167681,2.19275969619584e-06
gvc: backward,0.403578477277907,2020,"20-Motor vehicles, trailers and semi-trailers",JPN,JPN,35432.6904717398,1.13900037480866e-05
gvc: backward,0.0103773537127057,2001,"20-Motor vehicles, trailers and semi-trailers",JPN,JPN,12011.6016851828,8.63944208665106e-07
gvc: backward,0.0304579793520629,2020,"1-Agriculture, hunting, forestry",JPN,JPN,199.861647428477,0.000152395318181106
gvc: backward,0.0107744530778876,2001,"1-Agriculture, hunting, forestry",JPN,JPN,176.579600452612,6.10175413823018e-05
gvc: backward,2.1549641174897,2020,11-Chemical and chemical products,JPN,JPN,24407.1508541966,8.82923258992015e-05
gvc: backward,0.582365745651359,2001,11-Chemical and chemical products,JPN,JPN,9568.5637466532,6.08623991092763e-05
gvc: backward,1.99222957244685,2020,18-Electrical equipment,JPN,JPN,13288.8445513204,0.000149917441260828
gvc: backward,0.327669582462415,2001,18-Electrical equipment,JPN,JPN,7556.21599167681,4.33642424757767e-05
gvc: backward,8.59047335476629,2020,"20-Motor vehicles, trailers and semi-trailers",JPN,JPN,35432.6904717398,0.000242444850797255
gvc: backward,3.67223961030094,2001,"20-Motor vehicles, trailers and semi-trailers",JPN,JPN,12011.6016851828,0.000305724391013642
gvc: backward,0.303931427789327,2020,"1-Agriculture, hunting, forestry",JPN,JPN,199.861647428477,0.00152070910902549
gvc: backward,0.597708305589479,2001,"1-Agriculture, hunting, forestry",JPN,JPN,176.579600452612,0.00338492274338271
gvc: backward,50.324135342202,2020,11-Chemical and chemical products,JPN,JPN,24407.1508541966,0.00206186029835388
gvc: backward,33.4821935712117,2001,11-Chemical and chemical products,JPN,JPN,9568.5637466532,0.00349918696867362
gvc: backward,114.756292830574,2020,18-Electrical equipment,JPN,JPN,13288.8445513204,0.00863553579751762
gvc: backward,95.3723348507266,2001,18-Electrical equipment,JPN,JPN,7556.21599167681,0.0126217057526915
gvc: backward,326.534550633408,2020,"20-Motor vehicles, trailers and semi-trailers",JPN,JPN,35432.6904717398,0.00921562958629528
gvc: backward,38.4826581396997,2001,"20-Motor vehicles, trailers and semi-trailers",JPN,JPN,12011.6016851828,0.00320379073068756
gvc: backward,0.0001863229014671,2020,"1-Agriculture, hunting, forestry",JPN,JPN,199.861647428477,9.32259409768839e-07
gvc: backward,0.0033226751714097,2001,"1-Agriculture, hunting, forestry",JPN,JPN,176.579600452612,1.88168687826507e-05
gvc: backward,0.0711276518212881,2020,11-Chemical and chemical products,JPN,JPN,24407.1508541966,2.91421363542965e-06
gvc: backward,0.230545042951512,2001,11-Chemical and chemical products,JPN,JPN,9568.5637466532,2.40940071107485e-05
gvc: backward,0.0395306807949864,2020,18-Electrical equipment,JPN,JPN,13288.8445513204,2.97472670722593e-06
gvc: backward,0.0489767130990985,2001,18-Electrical equipment,JPN,JPN,7556.21599167681,6.48164546289392e-06
gvc: backward,3.39633165491811,2020,"20-Motor vehicles, trailers and semi-trailers",JPN,JPN,35432.6904717398,9.58530557431685e-05
gvc: backward,0.742905657297247,2001,"20-Motor vehicles, trailers and semi-trailers",JPN,JPN,12011.6016851828,6.18490087141065e-05
gvc: backward,0.012733067231223,2020,"1-Agriculture, hunting, forestry",JPN,JPN,199.861647428477,6.37094079582211e-05
gvc: backward,0.0211992675367101,2001,"1-Agriculture, hunting, forestry",JPN,JPN,176.579600452612,0.000120055020412164
gvc: backward,1.23599948296202,2020,11-Chemical and chemical products,JPN,JPN,24407.1508541966,5.06408753051772e-05
gvc: backward,0.291115946430988,2001,11-Chemical and chemical products,JPN,JPN,9568.5637466532,3.04242051512498e-05
gvc: backward,5.56009250780343,2020,18-Electrical equipment,JPN,JPN,13288.8445513204,0.000418403006095138
gvc: backward,0.92270429178262,2001,18-Electrical equipment,JPN,JPN,7556.21599167681,0.0001221119529668
gvc: backward,15.8023566245584,2020,"20-Motor vehicles, trailers and semi-trailers",JPN,JPN,35432.6904717398,0.000445982408170837
gvc: backward,10.182028427791,2001,"20-Motor vehicles, trailers and semi-trailers",JPN,JPN,12011.6016851828,0.00084768282321177
gvc: backward,0.511295205884133,2020,"1-Agriculture, hunting, forestry",JPN,JPN,199.861647428477,0.0025582457287965
gvc: backward,0.407552058307284,2001,"1-Agriculture, hunting, forestry",JPN,JPN,176.579600452612,0.00230803590710727
gvc: backward,57.5965708694307,2020,11-Chemical and chemical products,JPN,JPN,24407.1508541966,0.00235982361126463
gvc: backward,8.14692625223655,2001,11-Chemical and chemical products,JPN,JPN,9568.5637466532,0.000851426239918829
gvc: backward,35.0113237631925,2020,18-Electrical equipment,JPN,JPN,13288.8445513204,0.00263464017717882
gvc: backward,39.9163086350671,2001,18-Electrical equipment,JPN,JPN,7556.21599167681,0.00528257909501727
gvc: backward,150.899036936875,2020,"20-Motor vehicles, trailers and semi-trailers",JPN,JPN,35432.6904717398,0.00425875187370341
gvc: backward,63.0192564974783,2001,"20-Motor vehicles, trailers and semi-trailers",JPN,JPN,12011.6016851828,0.00524653232343004
gvc: backward,0.0025364520699614,2020,"1-Agriculture, hunting, forestry",JPN,JPN,199.861647428477,1.2691039539585e-05
gvc: backward,0.0453257604026971,2001,"1-Agriculture, hunting, forestry",JPN,JPN,176.579600452612,0.000256687410587164
gvc: backward,15.5644583263554,2020,11-Chemical and chemical products,JPN,JPN,24407.1508541966,0.000637700746774351
gvc: backward,0.889558849763097,2001,11-Chemical and chemical products,JPN,JPN,9568.5637466532,9.29668102043255e-05
gvc: backward,1.28822255305127,2020,18-Electrical equipment,JPN,JPN,13288.8445513204,9.69401476611655e-05
gvc: backward,3.04325215869484,2001,18-Electrical equipment,JPN,JPN,7556.21599167681,0.000402748169460347
gvc: backward,30.5185150101171,2020,"20-Motor vehicles, trailers and semi-trailers",JPN,JPN,35432.6904717398,0.000861309559161416
gvc: backward,31.5096615832804,2001,"20-Motor vehicles, trailers and semi-trailers",JPN,JPN,12011.6016851828,0.00262326893691038
gvc: backward,0.940576178327255,2020,"1-Agriculture, hunting, forestry",JPN,JPN,199.861647428477,0.00470613642201589
gvc: backward,0.766787382032599,2001,"1-Agriculture, hunting, forestry",JPN,JPN,176.579600452612,0.00434244601339653
gvc: backward,26.2104547598083,2020,11-Chemical and chemical products,JPN,JPN,24407.1508541966,0.0010738842446783
gvc: backward,10.7280109725073,2001,11-Chemical and chemical products,JPN,JPN,9568.5637466532,0.00112117254548883
gvc: backward,15.0219570801267,2020,18-Electrical equipment,JPN,JPN,13288.8445513204,0.00113041860201714
gvc: backward,25.9321273387724,2001,18-Electrical equipment,JPN,JPN,7556.21599167681,0.00343189334017671
gvc: backward,34.6691825213784,2020,"20-Motor vehicles, trailers and semi-trailers",JPN,JPN,35432.6904717398,0.000978451877624976
gvc: backward,27.0166476116506,2001,"20-Motor vehicles, trailers and semi-trailers",JPN,JPN,12011.6016851828,0.00224921274612175
gvc: backward,0.0378263696613248,2020,"1-Agriculture, hunting, forestry",JPN,JPN,199.861647428477,0.000189262773263497
gvc: backward,0.0970932111859409,2001,"1-Agriculture, hunting, forestry",JPN,JPN,176.579600452612,0.00054985519809236
gvc: backward,6.34628822327179,2020,11-Chemical and chemical products,JPN,JPN,24407.1508541966,0.000260017576864389
gvc: backward,2.3628394834652,2001,11-Chemical and chemical products,JPN,JPN,9568.5637466532,0.00024693773757756
gvc: backward,3.78623794366875,2020,18-Electrical equipment,JPN,JPN,13288.8445513204,0.000284918521625159
gvc: backward,3.55184582586814,2001,18-Electrical equipment,JPN,JPN,7556.21599167681,0.000470056153738923
gvc: backward,84.7829915670762,2020,"20-Motor vehicles, trailers and semi-trailers",JPN,JPN,35432.6904717398,0.0023927901166494
gvc: backward,17.087831960411,2001,"20-Motor vehicles, trailers and semi-trailers",JPN,JPN,12011.6016851828,0.00142261060666789
gvc: backward,0.0521296296000636,2020,"1-Agriculture, hunting, forestry",JPN,JPN,199.861647428477,0.000260828579523837
gvc: backward,0.140556523883799,2001,"1-Agriculture, hunting, forestry",JPN,JPN,176.579600452612,0.000795995253831822
gvc: backward,7.46148241297158,2020,11-Chemical and chemical products,JPN,JPN,24407.1508541966,0.000305708866124726
gvc: backward,3.8126752333186,2001,11-Chemical and chemical products,JPN,JPN,9568.5637466532,0.000398458466104922
gvc: backward,7.17401029991686,2020,18-Electrical equipment,JPN,JPN,13288.8445513204,0.000539852074588687
gvc: backward,5.55536542842108,2001,18-Electrical equipment,JPN,JPN,7556.21599167681,0.000735204689032226
gvc: backward,216.786511737956,2020,"20-Motor vehicles, trailers and semi-trailers",JPN,JPN,35432.6904717398,0.00611826279212016
gvc: backward,44.9472532676603,2001,"20-Motor vehicles, trailers and semi-trailers",JPN,JPN,12011.6016851828,0.00374198665970635
gvc: backward,0.0500084970610452,2020,"1-Agriculture, hunting, forestry",JPN,JPN,199.861647428477,0.000250215575146509
gvc: backward,0.0915951349063351,2001,"1-Agriculture, hunting, forestry",JPN,JPN,176.579600452612,0.000518718666661135
gvc: backward,13.6996695007328,2020,11-Chemical and chemical products,JPN,JPN,24407.1508541966,0.000561297366602594
gvc: backward,12.0842966036885,2001,11-Chemical and chemical products,JPN,JPN,9568.5637466532,0.00126291645472031
gvc: backward,3.09247764092351,2020,18-Electrical equipment,JPN,JPN,13288.8445513204,0.000232712304593573
gvc: backward,3.88132437235728,2001,18-Electrical equipment,JPN,JPN,7556.21599167681,0.000513659796997937
gvc: backward,76.1598919625634,2020,"20-Motor vehicles, trailers and semi-trailers",JPN,JPN,35432.6904717398,0.00214942447069625
gvc: backward,4.39792901206111,2001,"20-Motor vehicles, trailers and semi-trailers",JPN,JPN,12011.6016851828,0.0003661400974931
gvc: backward,0.0582655172978493,2020,"1-Agriculture, hunting, forestry",JPN,JPN,199.861647428477,0.000291529255600179
gvc: backward,0.0386243942089803,2001,"1-Agriculture, hunting, forestry",JPN,JPN,176.579600452612,0.000218736445829402
gvc: backward,2.68698085764948,2020,11-Chemical and chemical products,JPN,JPN,24407.1508541966,0.000110089902492141
gvc: backward,1.58308560621048,2001,11-Chemical and chemical products,JPN,JPN,9568.5637466532,0.000165446523441326
gvc: backward,1.21501707338204,2020,18-Electrical equipment,JPN,JPN,13288.8445513204,9.1431355727712e-05
gvc: backward,1.00950234586466,2001,18-Electrical equipment,JPN,JPN,7556.21599167681,0.000133598926628967
gvc: backward,42.6727014766457,2020,"20-Motor vehicles, trailers and semi-trailers",JPN,JPN,35432.6904717398,0.00120433139308685
gvc: backward,19.463149441765,2001,"20-Motor vehicles, trailers and semi-trailers",JPN,JPN,12011.6016851828,0.00162036254213909
gvc: backward,2.51384063912315,2020,"1-Agriculture, hunting, forestry",JPN,JPN,199.861647428477,0.0125779041225143
gvc: backward,0.438750719647348,2001,"1-Agriculture, hunting, forestry",JPN,JPN,176.579600452612,0.00248471917776874
gvc: backward,116.430872162347,2020,11-Chemical and chemical products,JPN,JPN,24407.1508541966,0.00477035901723563
gvc: backward,31.770799611087,2001,11-Chemical and chemical products,JPN,JPN,9568.5637466532,0.00332033108126593
gvc: backward,159.567569350265,2020,18-Electrical equipment,JPN,JPN,13288.8445513204,0.0120076330740441
gvc: backward,30.3844130028938,2001,18-Electrical equipment,JPN,JPN,7556.21599167681,0.00402111493853038
gvc: backward,139.92598721481,2020,"20-Motor vehicles, trailers and semi-trailers",JPN,JPN,35432.6904717398,0.00394906470132183
gvc: backward,36.1515696948551,2001,"20-Motor vehicles, trailers and semi-trailers",JPN,JPN,12011.6016851828,0.00300972098828841
gvc: backward,0.02581426529051,2020,"1-Agriculture, hunting, forestry",JPN,JPN,199.861647428477,0.000129160675010186
gvc: backward,0.0834435414623271,2001,"1-Agriculture, hunting, forestry",JPN,JPN,176.579600452612,0.000472554820876494
gvc: backward,64.3549266215943,2020,11-Chemical and chemical products,JPN,JPN,24407.1508541966,0.00263672425372538
gvc: backward,5.234701913164,2001,11-Chemical and chemical products,JPN,JPN,9568.5637466532,0.000547072899524231
gvc: backward,18.0382512331224,2020,18-Electrical equipment,JPN,JPN,13288.8445513204,0.00135739801631814
gvc: backward,5.67615120119193,2001,18-Electrical equipment,JPN,JPN,7556.21599167681,0.000751189644055202
gvc: backward,191.845188767571,2020,"20-Motor vehicles, trailers and semi-trailers",JPN,JPN,35432.6904717398,0.00541435567588585
gvc: backward,12.184270318865,2001,"20-Motor vehicles, trailers and semi-trailers",JPN,JPN,12011.6016851828,0.00101437515480514
gvc: backward,0.0187605785391414,2020,"1-Agriculture, hunting, forestry",JPN,JPN,199.861647428477,9.38678269719311e-05
gvc: backward,0.0424815376320427,2001,"1-Agriculture, hunting, forestry",JPN,JPN,176.579600452612,0.000240580098285154
gvc: backward,2.61162524320319,2020,11-Chemical and chemical products,JPN,JPN,24407.1508541966,0.000107002462467025
gvc: backward,1.8691194280864,2001,11-Chemical and chemical products,JPN,JPN,9568.5637466532,0.000195339601383767
gvc: backward,2.52033368472306,2020,18-Electrical equipment,JPN,JPN,13288.8445513204,0.000189657849859689
gvc: backward,2.30775759009383,2001,18-Electrical equipment,JPN,JPN,7556.21599167681,0.000305411808322556
gvc: backward,12.6750769420037,2020,"20-Motor vehicles, trailers and semi-trailers",JPN,JPN,35432.6904717398,0.00035772267849976
gvc: backward,17.8255789629729,2001,"20-Motor vehicles, trailers and semi-trailers",JPN,JPN,12011.6016851828,0.00148403014270462
gvc: backward,0.0023273894408655,2020,"1-Agriculture, hunting, forestry",JPN,JPN,199.861647428477,1.16450027847308e-05
gvc: backward,0.0122202626390662,2001,"1-Agriculture, hunting, forestry",JPN,JPN,176.579600452612,6.92054042921321e-05
gvc: backward,2.62630166559286,2020,11-Chemical and chemical products,JPN,JPN,24407.1508541966,0.000107603778961414
gvc: backward,0.352709333574711,2001,11-Chemical and chemical products,JPN,JPN,9568.5637466532,3.68612618271032e-05
gvc: backward,1.94545779755881,2020,18-Electrical equipment,JPN,JPN,13288.8445513204,0.000146397814350647
gvc: backward,0.705841223938347,2001,18-Electrical equipment,JPN,JPN,7556.21599167681,9.34119967872587e-05
gvc: backward,10.7943935154346,2020,"20-Motor vehicles, trailers and semi-trailers",JPN,JPN,35432.6904717398,0.000304645043086523
gvc: backward,0.351564805802499,2001,"20-Motor vehicles, trailers and semi-trailers",JPN,JPN,12011.6016851828,2.92687698957068e-05
gvc: backward,0.191686981945875,2020,"1-Agriculture, hunting, forestry",JPN,JPN,199.861647428477,0.000959098378364325
gvc: backward,0.118811067191743,2001,"1-Agriculture, hunting, forestry",JPN,JPN,176.579600452612,0.00067284707229603
gvc: backward,45.6200282810353,2020,11-Chemical and chemical products,JPN,JPN,24407.1508541966,0.00186912550971476
gvc: backward,2.145786865822,2001,11-Chemical and chemical products,JPN,JPN,9568.5637466532,0.000224253808892953
gvc: backward,31.8304960491803,2020,18-Electrical equipment,JPN,JPN,13288.8445513204,0.00239527943353191
gvc: backward,5.43580744662033,2001,18-Electrical equipment,JPN,JPN,7556.21599167681,0.000719382221552148
gvc: backward,705.929160875707,2020,"20-Motor vehicles, trailers and semi-trailers",JPN,JPN,35432.6904717398,0.0199231035373602
gvc: backward,50.8326881123566,2001,"20-Motor vehicles, trailers and semi-trailers",JPN,JPN,12011.6016851828,0.00423196584807358
gvc: backward,0.692659811442651,2020,"1-Agriculture, hunting, forestry",JPN,JPN,199.861647428477,0.00346569649732587
gvc: backward,0.335277348310803,2001,"1-Agriculture, hunting, forestry",JPN,JPN,176.579600452612,0.00189873205880755
gvc: backward,35.2211538805421,2020,11-Chemical and chemical products,JPN,JPN,24407.1508541966,0.0014430669966743
gvc: backward,3.38714688394409,2001,11-Chemical and chemical products,JPN,JPN,9568.5637466532,0.000353986969583477
gvc: backward,36.5543791408928,2020,18-Electrical equipment,JPN,JPN,13288.8445513204,0.0027507567719468
gvc: backward,14.5293502366212,2001,18-Electrical equipment,JPN,JPN,7556.21599167681,0.00192283416099081
gvc: backward,218.924365954468,2020,"20-Motor vehicles, trailers and semi-trailers",JPN,JPN,35432.6904717398,0.00617859843663513
gvc: backward,126.719401933783,2001,"20-Motor vehicles, trailers and semi-trailers",JPN,JPN,12011.6016851828,0.0105497505873926
gvc: backward,2.27130896871e-05,2020,"1-Agriculture, hunting, forestry",JPN,JPN,199.861647428477,1.13644063177394e-07
gvc: backward,0.0038615534775423,2001,"1-Agriculture, hunting, forestry",JPN,JPN,176.579600452612,2.18686273365909e-05
gvc: backward,0.116175099559627,2020,11-Chemical and chemical products,JPN,JPN,24407.1508541966,4.75987960469592e-06
gvc: backward,0.139998422414803,2001,11-Chemical and chemical products,JPN,JPN,9568.5637466532,1.46310800786346e-05
gvc: backward,0.0694382229516008,2020,18-Electrical equipment,JPN,JPN,13288.8445513204,5.22530176972395e-06
gvc: backward,0.0650903919277435,2001,18-Electrical equipment,JPN,JPN,7556.21599167681,8.61415184524115e-06
gvc: backward,7.5174107790577,2020,"20-Motor vehicles, trailers and semi-trailers",JPN,JPN,35432.6904717398,0.000212160315205344
gvc: backward,1.13009664453324,2001,"20-Motor vehicles, trailers and semi-trailers",JPN,JPN,12011.6016851828,9.40837595311955e-05
gvc: backward,2.93108220298166,2020,"1-Agriculture, hunting, forestry",JPN,JPN,199.861647428477,0.0146655561019059
gvc: backward,0.325046289798655,2001,"1-Agriculture, hunting, forestry",JPN,JPN,176.579600452612,0.00184079185231754
gvc: backward,1.3642060080632,2020,11-Chemical and chemical products,JPN,JPN,24407.1508541966,5.58937016537773e-05
gvc: backward,9.78920566821912,2001,11-Chemical and chemical products,JPN,JPN,9568.5637466532,0.00102305904286243
gvc: backward,15.0439436220925,2020,18-Electrical equipment,JPN,JPN,13288.8445513204,0.00113207311320364
gvc: backward,11.6125900985581,2001,18-Electrical equipment,JPN,JPN,7556.21599167681,0.00153682611923076
gvc: backward,19.1208381234928,2020,"20-Motor vehicles, trailers and semi-trailers",JPN,JPN,35432.6904717398,0.000539638335924366
gvc: backward,47.6531086992431,2001,"20-Motor vehicles, trailers and semi-trailers",JPN,JPN,12011.6016851828,0.00396725681954862
gvc: backward,0.0093317371329601,2020,"1-Agriculture, hunting, forestry",JPN,JPN,199.861647428477,4.66909847538386e-05
gvc: backward,0.0199569850356583,2001,"1-Agriculture, hunting, forestry",JPN,JPN,176.579600452612,0.000113019765502381
gvc: backward,1.45454156738072,2020,11-Chemical and chemical products,JPN,JPN,24407.1508541966,5.9594893974715e-05
gvc: backward,0.376774722788951,2001,11-Chemical and chemical products,JPN,JPN,9568.5637466532,3.93763090015193e-05
gvc: backward,1.22342915312225,2020,18-Electrical equipment,JPN,JPN,13288.8445513204,9.20643738737008e-05
gvc: backward,1.09620567163369,2001,18-Electrical equipment,JPN,JPN,7556.21599167681,0.000145073363816117
gvc: backward,4.50519134975159,2020,"20-Motor vehicles, trailers and semi-trailers",JPN,JPN,35432.6904717398,0.00012714787643193
gvc: backward,1.39978135619554,2001,"20-Motor vehicles, trailers and semi-trailers",JPN,JPN,12011.6016851828,0.000116535778731514
gvc: backward,0.005226999885131,2020,"1-Agriculture, hunting, forestry",JPN,JPN,199.861647428477,2.61530911627332e-05
gvc: backward,0.0101260147884985,2001,"1-Agriculture, hunting, forestry",JPN,JPN,176.579600452612,5.73453262015731e-05
gvc: backward,1.08069817639904,2020,11-Chemical and chemical products,JPN,JPN,24407.1508541966,4.42779324327904e-05
gvc: backward,0.602134975968764,2001,11-Chemical and chemical products,JPN,JPN,9568.5637466532,6.29284594753704e-05
gvc: backward,0.499904493062458,2020,18-Electrical equipment,JPN,JPN,13288.8445513204,3.76183565946513e-05
gvc: backward,0.62208707347114,2001,18-Electrical equipment,JPN,JPN,7556.21599167681,8.23278575091515e-05
gvc: backward,3.40645921021716,2020,"20-Motor vehicles, trailers and semi-trailers",JPN,JPN,35432.6904717398,9.61388809278839e-05
gvc: backward,1.01841349008813,2001,"20-Motor vehicles, trailers and semi-trailers",JPN,JPN,12011.6016851828,8.47858193087121e-05
gvc: backward,0.118025711128672,2020,"1-Agriculture, hunting, forestry",JPN,JPN,199.861647428477,0.00059053706725253
gvc: backward,0.122195303385306,2001,"1-Agriculture, hunting, forestry",JPN,JPN,176.579600452612,0.000692012571509351
gvc: backward,2.86114794984703,2020,11-Chemical and chemical products,JPN,JPN,24407.1508541966,0.000117225806770276
gvc: backward,8.10224795814623,2001,11-Chemical and chemical products,JPN,JPN,9568.5637466532,0.000846756960884559
gvc: backward,3.89791945891049,2020,18-Electrical equipment,JPN,JPN,13288.8445513204,0.000293322677066246
gvc: backward,10.5667127077952,2001,18-Electrical equipment,JPN,JPN,7556.21599167681,0.00139841326921232
gvc: backward,29.5916861758397,2020,"20-Motor vehicles, trailers and semi-trailers",JPN,JPN,35432.6904717398,0.000835152109023199
gvc: backward,16.1073295445784,2001,"20-Motor vehicles, trailers and semi-trailers",JPN,JPN,12011.6016851828,0.00134098099210599
gvc: backward,1.06340618843676,2020,"1-Agriculture, hunting, forestry",JPN,JPN,199.861647428477,0.00532071161285365
gvc: backward,1.10353135417295,2001,"1-Agriculture, hunting, forestry",JPN,JPN,176.579600452612,0.00624948380981923
gvc: backward,158.315834521563,2020,11-Chemical and chemical products,JPN,JPN,24407.1508541966,0.00648645290338516
gvc: backward,54.2752914972414,2001,11-Chemical and chemical products,JPN,JPN,9568.5637466532,0.00567225060461402
gvc: backward,206.369852571021,2020,18-Electrical equipment,JPN,JPN,13288.8445513204,0.0155295557694304
gvc: backward,71.2739575502688,2001,18-Electrical equipment,JPN,JPN,7556.21599167681,0.00943249341056122
gvc: backward,532.916095928049,2020,"20-Motor vehicles, trailers and semi-trailers",JPN,JPN,35432.6904717398,0.0150402379506882
gvc: backward,88.2305305847049,2001,"20-Motor vehicles, trailers and semi-trailers",JPN,JPN,12011.6016851828,0.00734544258935458
gvc: backward,0.077459033902076,2020,"1-Agriculture, hunting, forestry",JPN,JPN,199.861647428477,0.0003875632713865
gvc: backward,0.0116822614885488,2001,"1-Agriculture, hunting, forestry",JPN,JPN,176.579600452612,6.61586132180874e-05
gvc: backward,3.12354301704483,2020,11-Chemical and chemical products,JPN,JPN,24407.1508541966,0.00012797655226963
gvc: backward,0.310881002984914,2001,11-Chemical and chemical products,JPN,JPN,9568.5637466532,3.24898293219451e-05
gvc: backward,0.718130284376905,2020,18-Electrical equipment,JPN,JPN,13288.8445513204,5.40400846441952e-05
gvc: backward,0.369499157582276,2001,18-Electrical equipment,JPN,JPN,7556.21599167681,4.89000258845539e-05
gvc: backward,27.6845881753197,2020,"20-Motor vehicles, trailers and semi-trailers",JPN,JPN,35432.6904717398,0.000781328987630793
gvc: backward,3.35795733209935,2001,"20-Motor vehicles, trailers and semi-trailers",JPN,JPN,12011.6016851828,0.000279559497568225
gvc: backward,0.2012704085566,2020,"1-Agriculture, hunting, forestry",JPN,JPN,199.861647428477,0.00100704868165678
gvc: backward,0.101405555089468,2001,"1-Agriculture, hunting, forestry",JPN,JPN,176.579600452612,0.000574276727490283
gvc: backward,27.2274326503895,2020,11-Chemical and chemical products,JPN,JPN,24407.1508541966,0.00111555145510595
gvc: backward,5.02655922288675,2001,11-Chemical and chemical products,JPN,JPN,9568.5637466532,0.000525320137480914
gvc: backward,71.0172140717947,2020,18-Electrical equipment,JPN,JPN,13288.8445513204,0.00534412256818359
gvc: backward,6.01700377262203,2001,18-Electrical equipment,JPN,JPN,7556.21599167681,0.000796298541392911
gvc: backward,141.277936183956,2020,"20-Motor vehicles, trailers and semi-trailers",JPN,JPN,35432.6904717398,0.00398722011518249
gvc: backward,9.66858423453022,2001,"20-Motor vehicles, trailers and semi-trailers",JPN,JPN,12011.6016851828,0.000804937133942523
gvc: backward,14.2650345171425,2020,"1-Agriculture, hunting, forestry",JPN,JPN,199.861647428477,0.0713745468461997
gvc: backward,2.97604972406785,2001,"1-Agriculture, hunting, forestry",JPN,JPN,176.579600452612,0.0168538705288696
gvc: backward,222.96907628693,2020,11-Chemical and chemical products,JPN,JPN,24407.1508541966,0.009135399605587
gvc: backward,102.382764942713,2001,11-Chemical and chemical products,JPN,JPN,9568.5637466532,0.0106999093754821
gvc: backward,172.815988843045,2020,18-Electrical equipment,JPN,JPN,13288.8445513204,0.0130045910444392
gvc: backward,175.604980797923,2001,18-Electrical equipment,JPN,JPN,7556.21599167681,0.0232398042871395
gvc: backward,430.816592741025,2020,"20-Motor vehicles, trailers and semi-trailers",JPN,JPN,35432.6904717398,0.0121587321483429
gvc: backward,119.190548190665,2001,"20-Motor vehicles, trailers and semi-trailers",JPN,JPN,12011.6016851828,0.00992295210202445
gvc: backward,0.0227057972158502,2020,"1-Agriculture, hunting, forestry",JPN,JPN,199.861647428477,0.000113607575580381
gvc: backward,0.0055377712505935,2001,"1-Agriculture, hunting, forestry",JPN,JPN,176.579600452612,3.13613307335557e-05
gvc: backward,2.24979142423213,2020,11-Chemical and chemical products,JPN,JPN,24407.1508541966,9.21775522948963e-05
gvc: backward,0.0280016633833823,2001,11-Chemical and chemical products,JPN,JPN,9568.5637466532,2.92642282841837e-06
gvc: backward,1.13678988933479,2020,18-Electrical equipment,JPN,JPN,13288.8445513204,8.55446750802605e-05
gvc: backward,0.0810860570860149,2001,18-Electrical equipment,JPN,JPN,7556.21599167681,1.07310401364031e-05
gvc: backward,106.767368871312,2020,"20-Motor vehicles, trailers and semi-trailers",JPN,JPN,35432.6904717398,0.00301324475928428
gvc: backward,0.40790527848321,2001,"20-Motor vehicles, trailers and semi-trailers",JPN,JPN,12011.6016851828,3.39592744726452e-05
gvc: backward,13.939749539773,2020,"1-Agriculture, hunting, forestry",JPN,JPN,199.861647428477,0.0697469960801834
gvc: backward,14.03250754051,2001,"1-Agriculture, hunting, forestry",JPN,JPN,176.579600452612,0.0794684522138548
gvc: backward,944.980377158402,2020,11-Chemical and chemical products,JPN,JPN,24407.1508541966,0.0387173571714095
gvc: backward,674.597993805869,2001,11-Chemical and chemical products,JPN,JPN,9568.5637466532,0.0705014892168978
gvc: backward,1090.03570754043,2020,18-Electrical equipment,JPN,JPN,13288.8445513204,0.0820263720695059
gvc: backward,721.052323131409,2001,18-Electrical equipment,JPN,JPN,7556.21599167681,0.0954250545412743
gvc: backward,8402.8087073854,2020,"20-Motor vehicles, trailers and semi-trailers",JPN,JPN,35432.6904717398,0.237148480556035
gvc: backward,3437.63600471863,2001,"20-Motor vehicles, trailers and semi-trailers",JPN,JPN,12011.6016851828,0.28619297366139
gvc: backward,2.89612809858769,2020,"1-Agriculture, hunting, forestry",JPN,JPN,199.861647428477,0.0144906645964884
gvc: backward,0.431993755549972,2001,"1-Agriculture, hunting, forestry",JPN,JPN,176.579600452612,0.00244645335272408
gvc: backward,69.4903696346717,2020,11-Chemical and chemical products,JPN,JPN,24407.1508541966,0.00284713156606411
gvc: backward,7.62426718129726,2001,11-Chemical and chemical products,JPN,JPN,9568.5637466532,0.000796803719258704
gvc: backward,88.3772522344951,2020,18-Electrical equipment,JPN,JPN,13288.8445513204,0.00665048431360528
gvc: backward,16.0552265851228,2001,18-Electrical equipment,JPN,JPN,7556.21599167681,0.00212477073217701
gvc: backward,88.4398188128992,2020,"20-Motor vehicles, trailers and semi-trailers",JPN,JPN,35432.6904717398,0.00249599501577326
gvc: backward,9.38109051574273,2001,"20-Motor vehicles, trailers and semi-trailers",JPN,JPN,12011.6016851828,0.000781002464252124
gvc: backward,0.0137849770332536,2020,"1-Agriculture, hunting, forestry",JPN,JPN,199.861647428477,6.89725978476521e-05
gvc: backward,0.144218352542141,2001,"1-Agriculture, hunting, forestry",JPN,JPN,176.579600452612,0.000816732805898742
gvc: backward,9.88184683006418,2020,11-Chemical and chemical products,JPN,JPN,24407.1508541966,0.000404875066700589
gvc: backward,5.57850478707931,2001,11-Chemical and chemical products,JPN,JPN,9568.5637466532,0.000583003357116214
gvc: backward,6.40726334175238,2020,18-Electrical equipment,JPN,JPN,13288.8445513204,0.000482153532386363
gvc: backward,7.06808395398019,2001,18-Electrical equipment,JPN,JPN,7556.21599167681,0.000935399935862831
gvc: backward,161.577173884963,2020,"20-Motor vehicles, trailers and semi-trailers",JPN,JPN,35432.6904717398,0.00456011586288749
gvc: backward,21.2004582672539,2001,"20-Motor vehicles, trailers and semi-trailers",JPN,JPN,12011.6016851828,0.00176499844258125
gvc: forward,0.251888043580735,2020,"1-Agriculture, hunting, forestry",JPN,JPN,199.861647428477,0.00126031205497231
gvc: forward,0.216036529530254,2001,"1-Agriculture, hunting, forestry",JPN,JPN,176.579600452612,0.00122345123092648
gvc: forward,14.7667941371136,2020,11-Chemical and chemical products,JPN,JPN,24407.1508541966,0.000605019169395373
gvc: forward,9.52041590614297,2001,11-Chemical and chemical products,JPN,JPN,9568.5637466532,0.000994968122511901
gvc: forward,3.434364348398,2020,18-Electrical equipment,JPN,JPN,13288.8445513204,0.000258439651027204
gvc: forward,1.72793204362282,2001,18-Electrical equipment,JPN,JPN,7556.21599167681,0.000228676899327142
gvc: forward,13.0556669571783,2020,"20-Motor vehicles, trailers and semi-trailers",JPN,JPN,35432.6904717398,0.00036846388979666
gvc: forward,10.8639374233314,2001,"20-Motor vehicles, trailers and semi-trailers",JPN,JPN,12011.6016851828,0.000904453686366646
gvc: forward,0.868939141418696,2020,"1-Agriculture, hunting, forestry",JPN,JPN,199.861647428477,0.00434770328674318
gvc: forward,1.95073234183534,2001,"1-Agriculture, hunting, forestry",JPN,JPN,176.579600452612,0.0110473256074608
gvc: forward,31.1262977403733,2020,11-Chemical and chemical products,JPN,JPN,24407.1508541966,0.00127529419252233
gvc: forward,48.148250707692,2001,11-Chemical and chemical products,JPN,JPN,9568.5637466532,0.00503192035738204
gvc: forward,15.7440897184223,2020,18-Electrical equipment,JPN,JPN,13288.8445513204,0.00118475986814504
gvc: forward,24.3842564182033,2001,18-Electrical equipment,JPN,JPN,7556.21599167681,0.0032270459771217
gvc: forward,215.367159787027,2020,"20-Motor vehicles, trailers and semi-trailers",JPN,JPN,35432.6904717398,0.00607820509590708
gvc: forward,185.342691228558,2001,"20-Motor vehicles, trailers and semi-trailers",JPN,JPN,12011.6016851828,0.0154303061395377
gvc: forward,0.0544988302219938,2020,"1-Agriculture, hunting, forestry",JPN,JPN,199.861647428477,0.000272682782931112
gvc: forward,0.358633588113015,2001,"1-Agriculture, hunting, forestry",JPN,JPN,176.579600452612,0.00203100237623009
gvc: forward,87.7877594695317,2020,11-Chemical and chemical products,JPN,JPN,24407.1508541966,0.00359680488697587
gvc: forward,19.2182717410967,2001,11-Chemical and chemical products,JPN,JPN,9568.5637466532,0.00200848029546949
gvc: forward,15.5137331013376,2020,18-Electrical equipment,JPN,JPN,13288.8445513204,0.00116742528226776
gvc: forward,21.3102950527729,2001,18-Electrical equipment,JPN,JPN,7556.21599167681,0.00282023370907426
gvc: forward,88.5390565424176,2020,"20-Motor vehicles, trailers and semi-trailers",JPN,JPN,35432.6904717398,0.0024987957550961
gvc: forward,44.4810433836766,2001,"20-Motor vehicles, trailers and semi-trailers",JPN,JPN,12011.6016851828,0.00370317336101373
gvc: forward,0.0583392250514955,2020,"1-Agriculture, hunting, forestry",JPN,JPN,199.861647428477,0.000291898049486322
gvc: forward,0.859126269304173,2001,"1-Agriculture, hunting, forestry",JPN,JPN,176.579600452612,0.00486537667489361
gvc: forward,25.3981910321138,2020,11-Chemical and chemical products,JPN,JPN,24407.1508541966,0.00104060450086278
gvc: forward,76.3221160802547,2001,11-Chemical and chemical products,JPN,JPN,9568.5637466532,0.00797633982497634
gvc: forward,6.6465911103985,2020,18-Electrical equipment,JPN,JPN,13288.8445513204,0.000500163207171996
gvc: forward,40.8677036575809,2001,18-Electrical equipment,JPN,JPN,7556.21599167681,0.00540848801868512
gvc: forward,264.662463878402,2020,"20-Motor vehicles, trailers and semi-trailers",JPN,JPN,35432.6904717398,0.00746944305822585
gvc: forward,107.637009155024,2001,"20-Motor vehicles, trailers and semi-trailers",JPN,JPN,12011.6016851828,0.00896108712027991
gvc: forward,0.101843427614916,2020,"1-Agriculture, hunting, forestry",JPN,JPN,199.861647428477,0.000509569639424502
gvc: forward,0.0707385311264679,2001,"1-Agriculture, hunting, forestry",JPN,JPN,176.579600452612,0.000400604208782608
gvc: forward,9.18873390582137,2020,11-Chemical and chemical products,JPN,JPN,24407.1508541966,0.000376477121836671
gvc: forward,1.68057911540557,2001,11-Chemical and chemical products,JPN,JPN,9568.5637466532,0.000175635462113464
gvc: forward,0.872651827317888,2020,18-Electrical equipment,JPN,JPN,13288.8445513204,6.5667998744946e-05
gvc: forward,0.19478123261161,2001,18-Electrical equipment,JPN,JPN,7556.21599167681,2.57776157836359e-05
gvc: forward,0.46833264623676,2020,"20-Motor vehicles, trailers and semi-trailers",JPN,JPN,35432.6904717398,1.32175299138035e-05
gvc: forward,0.73804386008095,2001,"20-Motor vehicles, trailers and semi-trailers",JPN,JPN,12011.6016851828,6.14442502694193e-05
gvc: forward,0.0020118454322743,2020,"1-Agriculture, hunting, forestry",JPN,JPN,199.861647428477,1.00661905781311e-05
gvc: forward,0.006920667298586,2001,"1-Agriculture, hunting, forestry",JPN,JPN,176.579600452612,3.91929038283403e-05
gvc: forward,4.33476402719569,2020,11-Chemical and chemical products,JPN,JPN,24407.1508541966,0.000177602213920449
gvc: forward,0.523066291888894,2001,11-Chemical and chemical products,JPN,JPN,9568.5637466532,5.46650788705721e-05
gvc: forward,4.14185242287813,2020,18-Electrical equipment,JPN,JPN,13288.8445513204,0.000311678897806552
gvc: forward,0.242861235804134,2001,18-Electrical equipment,JPN,JPN,7556.21599167681,3.21405894261951e-05
gvc: forward,2.7996046190641,2020,"20-Motor vehicles, trailers and semi-trailers",JPN,JPN,35432.6904717398,7.90119119319204e-05
gvc: forward,0.412139904504067,2001,"20-Motor vehicles, trailers and semi-trailers",JPN,JPN,12011.6016851828,3.43118191317043e-05
gvc: forward,0.00039477605961,2020,"1-Agriculture, hunting, forestry",JPN,JPN,199.861647428477,1.97524670035193e-06
gvc: forward,0.0078232851577199,2001,"1-Agriculture, hunting, forestry",JPN,JPN,176.579600452612,4.43045806971309e-05
gvc: forward,4.91292724247721,2020,11-Chemical and chemical products,JPN,JPN,24407.1508541966,0.000201290485392009
gvc: forward,1.41858647157724,2001,11-Chemical and chemical products,JPN,JPN,9568.5637466532,0.000148254901063226
gvc: forward,0.519766713927111,2020,18-Electrical equipment,JPN,JPN,13288.8445513204,3.91130103087456e-05
gvc: forward,0.189996615406498,2001,18-Electrical equipment,JPN,JPN,7556.21599167681,2.51444129728133e-05
gvc: forward,0.351680504831019,2020,"20-Motor vehicles, trailers and semi-trailers",JPN,JPN,35432.6904717398,9.92531191249816e-06
gvc: forward,0.142149952196131,2001,"20-Motor vehicles, trailers and semi-trailers",JPN,JPN,12011.6016851828,1.18343877795651e-05
gvc: forward,0.720692911392315,2020,"1-Agriculture, hunting, forestry",JPN,JPN,199.861647428477,0.00360595902548148
gvc: forward,0.821060675074885,2001,"1-Agriculture, hunting, forestry",JPN,JPN,176.579600452612,0.00464980480740882
gvc: forward,84.2593504748057,2020,11-Chemical and chemical products,JPN,JPN,24407.1508541966,0.00345224032817899
gvc: forward,33.0756922587928,2001,11-Chemical and chemical products,JPN,JPN,9568.5637466532,0.00345670396671201
gvc: forward,12.1577862922967,2020,18-Electrical equipment,JPN,JPN,13288.8445513204,0.000914886636332029
gvc: forward,21.5438733369251,2001,18-Electrical equipment,JPN,JPN,7556.21599167681,0.00285114577993214
gvc: forward,84.4706443293391,2020,"20-Motor vehicles, trailers and semi-trailers",JPN,JPN,35432.6904717398,0.00238397488885894
gvc: forward,31.4105382120093,2001,"20-Motor vehicles, trailers and semi-trailers",JPN,JPN,12011.6016851828,0.00261501663435581
gvc: forward,0.001108767279173,2020,"1-Agriculture, hunting, forestry",JPN,JPN,199.861647428477,5.54767407073328e-06
gvc: forward,0.0078279648907088,2001,"1-Agriculture, hunting, forestry",JPN,JPN,176.579600452612,4.43310828127598e-05
gvc: forward,0.420443457316337,2020,11-Chemical and chemical products,JPN,JPN,24407.1508541966,1.72262407778762e-05
gvc: forward,0.110217489887102,2001,11-Chemical and chemical products,JPN,JPN,9568.5637466532,1.15187078024801e-05
gvc: forward,0.160135721518205,2020,18-Electrical equipment,JPN,JPN,13288.8445513204,1.20503871423715e-05
gvc: forward,0.243318330988046,2001,18-Electrical equipment,JPN,JPN,7556.21599167681,3.22010820304848e-05
gvc: forward,0.983546355566968,2020,"20-Motor vehicles, trailers and semi-trailers",JPN,JPN,35432.6904717398,2.77581618125053e-05
gvc: forward,0.618626206492198,2001,"20-Motor vehicles, trailers and semi-trailers",JPN,JPN,12011.6016851828,5.15023909971407e-05
gvc: forward,1.1583186949092,2020,"1-Agriculture, hunting, forestry",JPN,JPN,199.861647428477,0.00579560265720174
gvc: forward,3.05867374752665,2001,"1-Agriculture, hunting, forestry",JPN,JPN,176.579600452612,0.0173217842813473
gvc: forward,66.487237738415,2020,11-Chemical and chemical products,JPN,JPN,24407.1508541966,0.00272408844996273
gvc: forward,60.1144371298875,2001,11-Chemical and chemical products,JPN,JPN,9568.5637466532,0.00628249324784127
gvc: forward,67.2287561172611,2020,18-Electrical equipment,JPN,JPN,13288.8445513204,0.00505903698832728
gvc: forward,94.5358767764946,2001,18-Electrical equipment,JPN,JPN,7556.21599167681,0.0125110077425825
gvc: forward,1115.2109336677,2020,"20-Motor vehicles, trailers and semi-trailers",JPN,JPN,35432.6904717398,0.0314740686868575
gvc: forward,594.560043496052,2001,"20-Motor vehicles, trailers and semi-trailers",JPN,JPN,12011.6016851828,0.0494988144861219
gvc: forward,0.214983183844554,2020,"1-Agriculture, hunting, forestry",JPN,JPN,199.861647428477,0.00107566002087263
gvc: forward,0.498694094769574,2001,"1-Agriculture, hunting, forestry",JPN,JPN,176.579600452612,0.0028241886010123
gvc: forward,5.13085733006361,2020,11-Chemical and chemical products,JPN,JPN,24407.1508541966,0.000210219429572682
gvc: forward,24.0753872524747,2001,11-Chemical and chemical products,JPN,JPN,9568.5637466532,0.00251609205831916
gvc: forward,29.9353080300589,2020,18-Electrical equipment,JPN,JPN,13288.8445513204,0.00225266447466154
gvc: forward,59.0245427752194,2001,18-Electrical equipment,JPN,JPN,7556.21599167681,0.00781138903920098
gvc: forward,36.645403955567,2020,"20-Motor vehicles, trailers and semi-trailers",JPN,JPN,35432.6904717398,0.00103422583686651
gvc: forward,21.2420298896465,2001,"20-Motor vehicles, trailers and semi-trailers",JPN,JPN,12011.6016851828,0.00176845939837067
gvc: forward,0.10820634378082,2020,"1-Agriculture, hunting, forestry",JPN,JPN,199.861647428477,0.000541406243634327
gvc: forward,0.186516280099852,2001,"1-Agriculture, hunting, forestry",JPN,JPN,176.579600452612,0.00105627308942692
gvc: forward,11.2333555743362,2020,11-Chemical and chemical products,JPN,JPN,24407.1508541966,0.000460248541152632
gvc: forward,4.96725700835153,2001,11-Chemical and chemical products,JPN,JPN,9568.5637466532,0.000519122528716907
gvc: forward,1.23589859904062,2020,18-Electrical equipment,JPN,JPN,13288.8445513204,9.30027132357284e-05
gvc: forward,3.38348866939564,2001,18-Electrical equipment,JPN,JPN,7556.21599167681,0.000447775536475209
gvc: forward,7.54390462989699,2020,"20-Motor vehicles, trailers and semi-trailers",JPN,JPN,35432.6904717398,0.000212908038578493
gvc: forward,1.34000313480018,2001,"20-Motor vehicles, trailers and semi-trailers",JPN,JPN,12011.6016851828,0.000111559071797492
gvc: forward,23.4215207030071,2020,"1-Agriculture, hunting, forestry",JPN,JPN,199.861647428477,0.117188670284471
gvc: forward,11.6898659952914,2001,"1-Agriculture, hunting, forestry",JPN,JPN,176.579600452612,0.066201678819794
gvc: forward,3617.16300129504,2020,11-Chemical and chemical products,JPN,JPN,24407.1508541966,0.148200952372657
gvc: forward,733.322078195071,2001,11-Chemical and chemical products,JPN,JPN,9568.5637466532,0.0766386782396225
gvc: forward,2235.08683746252,2020,18-Electrical equipment,JPN,JPN,13288.8445513204,0.168192714485508
gvc: forward,431.263487934322,2001,18-Electrical equipment,JPN,JPN,7556.21599167681,0.0570740021737547
gvc: forward,1334.75523793558,2020,"20-Motor vehicles, trailers and semi-trailers",JPN,JPN,35432.6904717398,0.0376701633481699
gvc: forward,196.096476126138,2001,"20-Motor vehicles, trailers and semi-trailers",JPN,JPN,12011.6016851828,0.0163255893148736
gvc: forward,0.0115136189400055,2020,"1-Agriculture, hunting, forestry",JPN,JPN,199.861647428477,5.76079457371919e-05
gvc: forward,0.0051065587770828,2001,"1-Agriculture, hunting, forestry",JPN,JPN,176.579600452612,2.89193019125288e-05
gvc: forward,1.47218659872375,2020,11-Chemical and chemical products,JPN,JPN,24407.1508541966,6.03178391250292e-05
gvc: forward,0.421706983957258,2001,11-Chemical and chemical products,JPN,JPN,9568.5637466532,4.40721298538413e-05
gvc: forward,0.0851571297000611,2020,18-Electrical equipment,JPN,JPN,13288.8445513204,6.40816659200066e-06
gvc: forward,0.0842587912728073,2001,18-Electrical equipment,JPN,JPN,7556.21599167681,1.11509241352575e-05
gvc: forward,0.71744175250501,2020,"20-Motor vehicles, trailers and semi-trailers",JPN,JPN,35432.6904717398,2.02480179448192e-05
gvc: forward,2.03152152343421,2001,"20-Motor vehicles, trailers and semi-trailers",JPN,JPN,12011.6016851828,0.000169129944255498
gvc: forward,0.0061948260516673,2020,"1-Agriculture, hunting, forestry",JPN,JPN,199.861647428477,3.09955718436885e-05
gvc: forward,0.0040029493185054,2001,"1-Agriculture, hunting, forestry",JPN,JPN,176.579600452612,2.26693757843203e-05
gvc: forward,1.09915511853124,2020,11-Chemical and chemical products,JPN,JPN,24407.1508541966,4.50341428664645e-05
gvc: forward,0.0938712600707682,2001,11-Chemical and chemical products,JPN,JPN,9568.5637466532,9.8103814277876e-06
gvc: forward,0.630398075963989,2020,18-Electrical equipment,JPN,JPN,13288.8445513204,4.74381405794497e-05
gvc: forward,0.0902623845845485,2001,18-Electrical equipment,JPN,JPN,7556.21599167681,1.19454479178431e-05
gvc: forward,0.24107402478117,2020,"20-Motor vehicles, trailers and semi-trailers",JPN,JPN,35432.6904717398,6.80371774120411e-06
gvc: forward,0.966349363008387,2001,"20-Motor vehicles, trailers and semi-trailers",JPN,JPN,12011.6016851828,8.04513326645231e-05
gvc: forward,0.141617985196765,2020,"1-Agriculture, hunting, forestry",JPN,JPN,199.861647428477,0.00070858009537545
gvc: forward,0.0583983562224207,2001,"1-Agriculture, hunting, forestry",JPN,JPN,176.579600452612,0.000330719721149741
gvc: forward,3.05550878451543,2020,11-Chemical and chemical products,JPN,JPN,24407.1508541966,0.000125189080969279
gvc: forward,6.04993008206068,2001,11-Chemical and chemical products,JPN,JPN,9568.5637466532,0.000632271492592268
gvc: forward,0.713195711922475,2020,18-Electrical equipment,JPN,JPN,13288.8445513204,5.36687527021763e-05
gvc: forward,0.962569894595965,2001,18-Electrical equipment,JPN,JPN,7556.21599167681,0.000127387821583745
gvc: forward,6.27230087992027,2020,"20-Motor vehicles, trailers and semi-trailers",JPN,JPN,35432.6904717398,0.000177020169691119
gvc: forward,2.18250474921136,2001,"20-Motor vehicles, trailers and semi-trailers",JPN,JPN,12011.6016851828,0.000181699727181567
gvc: forward,0.0015633544600755,2020,"1-Agriculture, hunting, forestry",JPN,JPN,199.861647428477,7.82218339631652e-06
gvc: forward,0.0785452349941693,2001,"1-Agriculture, hunting, forestry",JPN,JPN,176.579600452612,0.00044481488684333
gvc: forward,1.19546286599879,2020,11-Chemical and chemical products,JPN,JPN,24407.1508541966,4.8980025286042e-05
gvc: forward,1.1844839580331,2001,11-Chemical and chemical products,JPN,JPN,9568.5637466532,0.000123789106640733
gvc: forward,0.24037526350009,2020,18-Electrical equipment,JPN,JPN,13288.8445513204,1.8088499912222e-05
gvc: forward,0.283313568351145,2001,18-Electrical equipment,JPN,JPN,7556.21599167681,3.74941066617492e-05
gvc: forward,6.2662621347816,2020,"20-Motor vehicles, trailers and semi-trailers",JPN,JPN,35432.6904717398,0.000176849741054222
gvc: forward,2.95222535010537,2001,"20-Motor vehicles, trailers and semi-trailers",JPN,JPN,12011.6016851828,0.000245781156208931
gvc: forward,0.0002166990469184,2020,"1-Agriculture, hunting, forestry",JPN,JPN,199.861647428477,1.08424527520193e-06
gvc: forward,0.0303273798708858,2001,"1-Agriculture, hunting, forestry",JPN,JPN,176.579600452612,0.000171749057043679
gvc: forward,0.0788673611448793,2020,11-Chemical and chemical products,JPN,JPN,24407.1508541966,3.23132190299544e-06
gvc: forward,0.729443679543997,2001,11-Chemical and chemical products,JPN,JPN,9568.5637466532,7.62333510919165e-05
gvc: forward,0.0994952246350932,2020,18-Electrical equipment,JPN,JPN,13288.8445513204,7.48712382411061e-06
gvc: forward,0.574491347386178,2001,18-Electrical equipment,JPN,JPN,7556.21599167681,7.60289737639821e-05
gvc: forward,1.40810897740842,2020,"20-Motor vehicles, trailers and semi-trailers",JPN,JPN,35432.6904717398,3.97403911094895e-05
gvc: forward,9.76134747102282,2001,"20-Motor vehicles, trailers and semi-trailers",JPN,JPN,12011.6016851828,0.00081265993718924
gvc: forward,0.0847951288471483,2020,"1-Agriculture, hunting, forestry",JPN,JPN,199.861647428477,0.00042426913786695
gvc: forward,0.109966128125724,2001,"1-Agriculture, hunting, forestry",JPN,JPN,176.579600452612,0.000622756693547027
gvc: forward,47.9064838620789,2020,11-Chemical and chemical products,JPN,JPN,24407.1508541966,0.00196280525114392
gvc: forward,5.73797671822152,2001,11-Chemical and chemical products,JPN,JPN,9568.5637466532,0.000599669592025083
gvc: forward,41.2473742946086,2020,18-Electrical equipment,JPN,JPN,13288.8445513204,0.00310390975944634
gvc: forward,8.95193460238873,2001,18-Electrical equipment,JPN,JPN,7556.21599167681,0.00118471131744372
gvc: forward,206.589388321576,2020,"20-Motor vehicles, trailers and semi-trailers",JPN,JPN,35432.6904717398,0.00583047421945975
gvc: forward,12.3287169128887,2001,"20-Motor vehicles, trailers and semi-trailers",JPN,JPN,12011.6016851828,0.00102640074454826
gvc: forward,0.729647650047953,2020,"1-Agriculture, hunting, forestry",JPN,JPN,199.861647428477,0.00365076371297833
gvc: forward,4.25014616900002,2001,"1-Agriculture, hunting, forestry",JPN,JPN,176.579600452612,0.024069293157907
gvc: forward,618.705039697458,2020,11-Chemical and chemical products,JPN,JPN,24407.1508541966,0.0253493348483597
gvc: forward,260.275167795418,2001,11-Chemical and chemical products,JPN,JPN,9568.5637466532,0.027201069532139
gvc: forward,170.287248363855,2020,18-Electrical equipment,JPN,JPN,13288.8445513204,0.0128143005741561
gvc: forward,298.373916969589,2001,18-Electrical equipment,JPN,JPN,7556.21599167681,0.0394872138777198
gvc: forward,480.724453310217,2020,"20-Motor vehicles, trailers and semi-trailers",JPN,JPN,35432.6904717398,0.0135672580012977
gvc: forward,327.095409101904,2001,"20-Motor vehicles, trailers and semi-trailers",JPN,JPN,12011.6016851828,0.0272316230320391
gvc: forward,1.38491220088474,2020,"1-Agriculture, hunting, forestry",JPN,JPN,199.861647428477,0.00692935447447638
gvc: forward,0.180880728157666,2001,"1-Agriculture, hunting, forestry",JPN,JPN,176.579600452612,0.00102435801017801
gvc: forward,5.74746036203753,2020,11-Chemical and chemical products,JPN,JPN,24407.1508541966,0.000235482641803285
gvc: forward,6.18293908616783,2001,11-Chemical and chemical products,JPN,JPN,9568.5637466532,0.000646172116304335
gvc: forward,4.21025102823568,2020,18-Electrical equipment,JPN,JPN,13288.8445513204,0.00031682596722206
gvc: forward,6.6751344079715,2001,18-Electrical equipment,JPN,JPN,7556.21599167681,0.000883396453373511
gvc: forward,1.47837801290954,2020,"20-Motor vehicles, trailers and semi-trailers",JPN,JPN,35432.6904717398,4.17235607352102e-05
gvc: forward,7.05410543576466,2001,"20-Motor vehicles, trailers and semi-trailers",JPN,JPN,12011.6016851828,0.000587274338647645
gvc: forward,0.0023977345730639,2020,"1-Agriculture, hunting, forestry",JPN,JPN,199.861647428477,1.1996971924901e-05
gvc: forward,0.0433133620738152,2001,"1-Agriculture, hunting, forestry",JPN,JPN,176.579600452612,0.000245290860115175
gvc: forward,3.44926665587016,2020,11-Chemical and chemical products,JPN,JPN,24407.1508541966,0.000141321970617357
gvc: forward,0.84869330161268,2001,11-Chemical and chemical products,JPN,JPN,9568.5637466532,8.86959970256276e-05
gvc: forward,0.14234558484722,2020,18-Electrical equipment,JPN,JPN,13288.8445513204,1.07116600166022e-05
gvc: forward,0.646905243945593,2001,18-Electrical equipment,JPN,JPN,7556.21599167681,8.56123282682973e-05
gvc: forward,0.491848689420749,2020,"20-Motor vehicles, trailers and semi-trailers",JPN,JPN,35432.6904717398,1.38812120353388e-05
gvc: forward,3.31142343641952,2001,"20-Motor vehicles, trailers and semi-trailers",JPN,JPN,12011.6016851828,0.000275685418415465
gvc: forward,0.173276729587022,2020,"1-Agriculture, hunting, forestry",JPN,JPN,199.861647428477,0.000866983394845832
gvc: forward,0.916527965987613,2001,"1-Agriculture, hunting, forestry",JPN,JPN,176.579600452612,0.00519045214531209
gvc: forward,37.9912824665334,2020,11-Chemical and chemical products,JPN,JPN,24407.1508541966,0.00155656359455824
gvc: forward,45.7281321417221,2001,11-Chemical and chemical products,JPN,JPN,9568.5637466532,0.00477899644632837
gvc: forward,15.817862341521,2020,18-Electrical equipment,JPN,JPN,13288.8445513204,0.00119031133823816
gvc: forward,31.2040760129449,2001,18-Electrical equipment,JPN,JPN,7556.21599167681,0.00412959026678383
gvc: forward,298.627642097232,2020,"20-Motor vehicles, trailers and semi-trailers",JPN,JPN,35432.6904717398,0.00842802615667613
gvc: forward,142.837532446132,2001,"20-Motor vehicles, trailers and semi-trailers",JPN,JPN,12011.6016851828,0.0118916307907823
gvc: forward,0.0023116804558261,2020,"1-Agriculture, hunting, forestry",JPN,JPN,199.861647428477,1.15664034874593e-05
gvc: forward,0.0105858458740557,2001,"1-Agriculture, hunting, forestry",JPN,JPN,176.579600452612,5.99494270398271e-05
gvc: forward,1.02781767730291,2020,11-Chemical and chemical products,JPN,JPN,24407.1508541966,4.21113338235538e-05
gvc: forward,0.286734659254438,2001,11-Chemical and chemical products,JPN,JPN,9568.5637466532,2.99663216806942e-05
gvc: forward,0.916658991565071,2020,18-Electrical equipment,JPN,JPN,13288.8445513204,6.89795856987426e-05
gvc: forward,2.30429033687139,2001,18-Electrical equipment,JPN,JPN,7556.21599167681,0.000304952947270111
gvc: forward,11.6024265341304,2020,"20-Motor vehicles, trailers and semi-trailers",JPN,JPN,35432.6904717398,0.00032744977532497
gvc: forward,1.57603451500785,2001,"20-Motor vehicles, trailers and semi-trailers",JPN,JPN,12011.6016851828,0.000131209355447742
gvc: forward,0.0047686685273431,2020,"1-Agriculture, hunting, forestry",JPN,JPN,199.861647428477,2.38598479933456e-05
gvc: forward,0.641635938186149,2001,"1-Agriculture, hunting, forestry",JPN,JPN,176.579600452612,0.00363369232086546
gvc: forward,17.3462748815853,2020,11-Chemical and chemical products,JPN,JPN,24407.1508541966,0.000710704620347064
gvc: forward,13.617039126515,2001,11-Chemical and chemical products,JPN,JPN,9568.5637466532,0.00142310167827202
gvc: forward,5.46134464516482,2020,18-Electrical equipment,JPN,JPN,13288.8445513204,0.000410972122073788
gvc: forward,61.235329470469,2001,18-Electrical equipment,JPN,JPN,7556.21599167681,0.00810396758614627
gvc: forward,8.10301714725045,2020,"20-Motor vehicles, trailers and semi-trailers",JPN,JPN,35432.6904717398,0.0002286876056932
gvc: forward,11.1362829720707,2001,"20-Motor vehicles, trailers and semi-trailers",JPN,JPN,12011.6016851828,0.000927127227820761
gvc: forward,0.445921394050445,2020,"1-Agriculture, hunting, forestry",JPN,JPN,199.861647428477,0.00223115039722678
gvc: forward,3.00272424747214,2001,"1-Agriculture, hunting, forestry",JPN,JPN,176.579600452612,0.0170049328448784
gvc: forward,138.698296980014,2020,11-Chemical and chemical products,JPN,JPN,24407.1508541966,0.0056826910198806
gvc: forward,162.041151415896,2001,11-Chemical and chemical products,JPN,JPN,9568.5637466532,0.0169347412742663
gvc: forward,77.053476014841,2020,18-Electrical equipment,JPN,JPN,13288.8445513204,0.00579835784196791
gvc: forward,125.270481600173,2001,18-Electrical equipment,JPN,JPN,7556.21599167681,0.0165784675475342
gvc: forward,108.192302423749,2020,"20-Motor vehicles, trailers and semi-trailers",JPN,JPN,35432.6904717398,0.00305345998238662
gvc: forward,120.955976414735,2001,"20-Motor vehicles, trailers and semi-trailers",JPN,JPN,12011.6016851828,0.010069929022367
gvc: forward,0.124254808547673,2020,"1-Agriculture, hunting, forestry",JPN,JPN,199.861647428477,0.000621704114553239
gvc: forward,2.06740872690144,2001,"1-Agriculture, hunting, forestry",JPN,JPN,176.579600452612,0.0117080836155604
gvc: forward,36.0285761234238,2020,11-Chemical and chemical products,JPN,JPN,24407.1508541966,0.00147614837711502
gvc: forward,88.8848322885534,2001,11-Chemical and chemical products,JPN,JPN,9568.5637466532,0.00928925538272583
gvc: forward,29.3978681530681,2020,18-Electrical equipment,JPN,JPN,13288.8445513204,0.00221222153961814
gvc: forward,110.086469818794,2001,18-Electrical equipment,JPN,JPN,7556.21599167681,0.0145689945787752
gvc: forward,235.673439021864,2020,"20-Motor vehicles, trailers and semi-trailers",JPN,JPN,35432.6904717398,0.00665129957347809
gvc: forward,168.626225723901,2001,"20-Motor vehicles, trailers and semi-trailers",JPN,JPN,12011.6016851828,0.0140386128464378
gvc: forward,0.0047033837885221,2020,"1-Agriculture, hunting, forestry",JPN,JPN,199.861647428477,2.35331983351396e-05
gvc: forward,0.0560281890753832,2001,"1-Agriculture, hunting, forestry",JPN,JPN,176.579600452612,0.000317297065639352
gvc: forward,0.45239052865742,2020,11-Chemical and chemical products,JPN,JPN,24407.1508541966,1.85351633773196e-05
gvc: forward,0.994049933272246,2001,11-Chemical and chemical products,JPN,JPN,9568.5637466532,0.000103887057618228
gvc: forward,0.250508761160684,2020,18-Electrical equipment,JPN,JPN,13288.8445513204,1.88510566282299e-05
gvc: forward,0.99227324014986,2001,18-Electrical equipment,JPN,JPN,7556.21599167681,0.000131318803120881
gvc: forward,0.640102660765777,2020,"20-Motor vehicles, trailers and semi-trailers",JPN,JPN,35432.6904717398,1.80653134787014e-05
gvc: forward,8.24795311548132,2001,"20-Motor vehicles, trailers and semi-trailers",JPN,JPN,12011.6016851828,0.000686665553158975
gvc: forward,2.1242398467351,2020,"1-Agriculture, hunting, forestry",JPN,JPN,199.861647428477,0.0106285516709517
gvc: forward,6.76202039510316,2001,"1-Agriculture, hunting, forestry",JPN,JPN,176.579600452612,0.0382944597097887
gvc: forward,8.28718702223085,2020,11-Chemical and chemical products,JPN,JPN,24407.1508541966,0.000339539304351288
gvc: forward,42.862973024024,2001,11-Chemical and chemical products,JPN,JPN,9568.5637466532,0.00447956184009499
gvc: forward,182.390478529588,2020,18-Electrical equipment,JPN,JPN,13288.8445513204,0.0137250818026512
gvc: forward,33.2435486535051,2001,18-Electrical equipment,JPN,JPN,7556.21599167681,0.00439949687649519
gvc: forward,12.2534440601719,2020,"20-Motor vehicles, trailers and semi-trailers",JPN,JPN,35432.6904717398,0.000345823133864049
gvc: forward,10.6553798989459,2001,"20-Motor vehicles, trailers and semi-trailers",JPN,JPN,12011.6016851828,0.000887090679346295
gvc: forward,0.0001418731678903,2020,"1-Agriculture, hunting, forestry",JPN,JPN,199.861647428477,7.09856892083665e-07
gvc: forward,0.0133134910109816,2001,"1-Agriculture, hunting, forestry",JPN,JPN,176.579600452612,7.53965405791846e-05
gvc: forward,0.129318309974647,2020,11-Chemical and chemical products,JPN,JPN,24407.1508541966,5.29837795272248e-06
gvc: forward,0.530293656634111,2001,11-Chemical and chemical products,JPN,JPN,9568.5637466532,5.54204027558046e-05
gvc: forward,0.0159577975091942,2020,18-Electrical equipment,JPN,JPN,13288.8445513204,1.20084161174183e-06
gvc: forward,0.28982227745132,2001,18-Electrical equipment,JPN,JPN,7556.21599167681,3.83554781613654e-05
gvc: forward,0.270950372105933,2020,"20-Motor vehicles, trailers and semi-trailers",JPN,JPN,35432.6904717398,7.64690370667833e-06
gvc: forward,1.19565264638874,2001,"20-Motor vehicles, trailers and semi-trailers",JPN,JPN,12011.6016851828,9.95414831199129e-05
gvc: forward,0.0089781705276158,2020,"1-Agriculture, hunting, forestry",JPN,JPN,199.861647428477,4.49219279593337e-05
gvc: forward,0.644297019581653,2001,"1-Agriculture, hunting, forestry",JPN,JPN,176.579600452612,0.00364876247273285
gvc: forward,13.9735493222967,2020,11-Chemical and chemical products,JPN,JPN,24407.1508541966,0.000572518660853611
gvc: forward,10.3742121839556,2001,11-Chemical and chemical products,JPN,JPN,9568.5637466532,0.00108419742592865
gvc: forward,69.4490403780497,2020,18-Electrical equipment,JPN,JPN,13288.8445513204,0.00522611579282484
gvc: forward,65.7100169047706,2001,18-Electrical equipment,JPN,JPN,7556.21599167681,0.00869615386552612
gvc: forward,166.169372877357,2020,"20-Motor vehicles, trailers and semi-trailers",JPN,JPN,35432.6904717398,0.00468971931470712
gvc: forward,45.9258455532013,2001,"20-Motor vehicles, trailers and semi-trailers",JPN,JPN,12011.6016851828,0.00382345725048927
gvc: forward,0.450148602692459,2020,"1-Agriculture, hunting, forestry",JPN,JPN,199.861647428477,0.00225230107168785
gvc: forward,1.50979582533779,2001,"1-Agriculture, hunting, forestry",JPN,JPN,176.579600452612,0.00855022789420664
gvc: forward,170.428228275654,2020,11-Chemical and chemical products,JPN,JPN,24407.1508541966,0.00698271704443333
gvc: forward,154.704177470152,2001,11-Chemical and chemical products,JPN,JPN,9568.5637466532,0.0161679622528787
gvc: forward,46.5689132489901,2020,18-Electrical equipment,JPN,JPN,13288.8445513204,0.00350436135129318
gvc: forward,61.6929178684939,2001,18-Electrical equipment,JPN,JPN,7556.21599167681,0.00816452546306892
gvc: forward,105.642660615719,2020,"20-Motor vehicles, trailers and semi-trailers",JPN,JPN,35432.6904717398,0.00298150265218998
gvc: forward,122.088645247705,2001,"20-Motor vehicles, trailers and semi-trailers",JPN,JPN,12011.6016851828,0.0101642269239006
gvc: forward,0.206973281852391,2020,"1-Agriculture, hunting, forestry",JPN,JPN,199.861647428477,0.00103558278696997
gvc: forward,0.467674780349151,2001,"1-Agriculture, hunting, forestry",JPN,JPN,176.579600452612,0.00264852100214519
gvc: forward,302.447267485016,2020,11-Chemical and chemical products,JPN,JPN,24407.1508541966,0.0123917481926414
gvc: forward,42.5841974896748,2001,11-Chemical and chemical products,JPN,JPN,9568.5637466532,0.00445042731774343
gvc: forward,31.9798523464373,2020,18-Electrical equipment,JPN,JPN,13288.8445513204,0.00240651865727934
gvc: forward,30.9715491665857,2001,18-Electrical equipment,JPN,JPN,7556.21599167681,0.00409881734464723
gvc: forward,0.272254591254978,2020,"20-Motor vehicles, trailers and semi-trailers",JPN,JPN,35432.6904717398,7.68371206448805e-06
gvc: forward,5.80317646450177,2001,"20-Motor vehicles, trailers and semi-trailers",JPN,JPN,12011.6016851828,0.000483130944282012
gvc: forward,0.0043080922055341,2020,"1-Agriculture, hunting, forestry",JPN,JPN,199.861647428477,2.15553722335637e-05
gvc: forward,5.65355443889028,2001,"1-Agriculture, hunting, forestry",JPN,JPN,176.579600452612,0.032017030418004
gvc: forward,117.531709441404,2020,11-Chemical and chemical products,JPN,JPN,24407.1508541966,0.00481546208090878
gvc: forward,3.73113714797133,2001,11-Chemical and chemical products,JPN,JPN,9568.5637466532,0.000389937011108524
gvc: forward,19.0279591184774,2020,18-Electrical equipment,JPN,JPN,13288.8445513204,0.00143187461069268
gvc: forward,19.242880018038,2001,18-Electrical equipment,JPN,JPN,7556.21599167681,0.0025466291645493
gvc: forward,11.0284558782573,2020,"20-Motor vehicles, trailers and semi-trailers",JPN,JPN,35432.6904717398,0.000311250874021359
gvc: forward,12.876725754414,2001,"20-Motor vehicles, trailers and semi-trailers",JPN,JPN,12011.6016851828,0.00107202403908368
gvc: forward,0.0172566588488421,2020,"1-Agriculture, hunting, forestry",JPN,JPN,199.861647428477,8.63430231406333e-05
gvc: forward,0.0264704413289481,2001,"1-Agriculture, hunting, forestry",JPN,JPN,176.579600452612,0.000149906564864223
gvc: forward,0.156565101372918,2020,11-Chemical and chemical products,JPN,JPN,24407.1508541966,6.41472256668574e-06
gvc: forward,0.17891940465742,2001,11-Chemical and chemical products,JPN,JPN,9568.5637466532,1.86986688279106e-05
gvc: forward,1.31089371804349,2020,18-Electrical equipment,JPN,JPN,13288.8445513204,9.86461774747182e-05
gvc: forward,0.390844455482364,2001,18-Electrical equipment,JPN,JPN,7556.21599167681,5.17248919185052e-05
gvc: forward,8.33636473512181,2020,"20-Motor vehicles, trailers and semi-trailers",JPN,JPN,35432.6904717398,0.000235273263873955
gvc: forward,3.90885521469589,2001,"20-Motor vehicles, trailers and semi-trailers",JPN,JPN,12011.6016851828,0.000325423312988954
gvc: forward,0.148257081298505,2020,"1-Agriculture, hunting, forestry",JPN,JPN,199.861647428477,0.000741798555180831
gvc: forward,0.208429483568177,2001,"1-Agriculture, hunting, forestry",JPN,JPN,176.579600452612,0.00118037124919258
gvc: forward,15.1460680781513,2020,11-Chemical and chemical products,JPN,JPN,24407.1508541966,0.000620558629257092
gvc: forward,7.5265072021741,2001,11-Chemical and chemical products,JPN,JPN,9568.5637466532,0.000786586932109498
gvc: forward,8.44765552896868,2020,18-Electrical equipment,JPN,JPN,13288.8445513204,0.000635695262770557
gvc: forward,3.55731168971197,2001,18-Electrical equipment,JPN,JPN,7556.21599167681,0.000470779513665353
gvc: forward,10.7370676072901,2020,"20-Motor vehicles, trailers and semi-trailers",JPN,JPN,35432.6904717398,0.000303027161198885
gvc: forward,11.3609333696031,2001,"20-Motor vehicles, trailers and semi-trailers",JPN,JPN,12011.6016851828,0.000945830012296999
gvc: forward,0.3113062479497,2020,"1-Agriculture, hunting, forestry",JPN,JPN,199.861647428477,0.0015576087356185
gvc: forward,1.45496622871281,2001,"1-Agriculture, hunting, forestry",JPN,JPN,176.579600452612,0.00823971865936615
gvc: forward,78.0083777008715,2020,11-Chemical and chemical products,JPN,JPN,24407.1508541966,0.00319612797769301
gvc: forward,96.5967851418624,2001,11-Chemical and chemical products,JPN,JPN,9568.5637466532,0.0100952230344548
gvc: forward,20.7140662141961,2020,18-Electrical equipment,JPN,JPN,13288.8445513204,0.00155875600276609
gvc: forward,38.9093910615482,2001,18-Electrical equipment,JPN,JPN,7556.21599167681,0.00514932224070977
gvc: forward,135.222931042687,2020,"20-Motor vehicles, trailers and semi-trailers",JPN,JPN,35432.6904717398,0.00381633257995289
gvc: forward,78.7991752167,2001,"20-Motor vehicles, trailers and semi-trailers",JPN,JPN,12011.6016851828,0.00656025543320377
gvc: forward,0.0034733874300978,2020,"1-Agriculture, hunting, forestry",JPN,JPN,199.861647428477,1.73789592690153e-05
gvc: forward,0.0192682805269955,2001,"1-Agriculture, hunting, forestry",JPN,JPN,176.579600452612,0.000109119515944122
gvc: forward,2.90517804369373,2020,11-Chemical and chemical products,JPN,JPN,24407.1508541966,0.00011902979012375
gvc: forward,1.1738656116489,2001,11-Chemical and chemical products,JPN,JPN,9568.5637466532,0.000122679395019914
gvc: forward,0.188249595357485,2020,18-Electrical equipment,JPN,JPN,13288.8445513204,1.416598671393e-05
gvc: forward,0.256162576004027,2001,18-Electrical equipment,JPN,JPN,7556.21599167681,3.39009070527087e-05
gvc: forward,7.87920596970635,2020,"20-Motor vehicles, trailers and semi-trailers",JPN,JPN,35432.6904717398,0.000222371089093294
gvc: forward,2.03438139716459,2001,"20-Motor vehicles, trailers and semi-trailers",JPN,JPN,12011.6016851828,0.000169368036876727
gvc: forward,0,2020,"1-Agriculture, hunting, forestry",JPN,JPN,199.861647428477,0
gvc: forward,0,2001,"1-Agriculture, hunting, forestry",JPN,JPN,176.579600452612,0
gvc: forward,0,2020,11-Chemical and chemical products,JPN,JPN,24407.1508541966,0
gvc: forward,0,2001,11-Chemical and chemical products,JPN,JPN,9568.5637466532,0
gvc: forward,0,2020,18-Electrical equipment,JPN,JPN,13288.8445513204,0
gvc: forward,0,2001,18-Electrical equipment,JPN,JPN,7556.21599167681,0
gvc: forward,0,2020,"20-Motor vehicles, trailers and semi-trailers",JPN,JPN,35432.6904717398,0
gvc: forward,0,2001,"20-Motor vehicles, trailers and semi-trailers",JPN,JPN,12011.6016851828,0
gvc: forward,0.0033037624657785,2020,"1-Agriculture, hunting, forestry",JPN,JPN,199.861647428477,1.65302473400295e-05
gvc: forward,0.021489660777827,2001,"1-Agriculture, hunting, forestry",JPN,JPN,176.579600452612,0.000121699566216846
gvc: forward,1.40737308708702,2020,11-Chemical and chemical products,JPN,JPN,24407.1508541966,5.76623259099099e-05
gvc: forward,0.675392421347824,2001,11-Chemical and chemical products,JPN,JPN,9568.5637466532,7.05845139594808e-05
gvc: forward,0.555750697560954,2020,18-Electrical equipment,JPN,JPN,13288.8445513204,4.1820844198658e-05
gvc: forward,0.139706507094292,2001,18-Electrical equipment,JPN,JPN,7556.21599167681,1.84889509839553e-05
gvc: forward,5.18380981846883,2020,"20-Motor vehicles, trailers and semi-trailers",JPN,JPN,35432.6904717398,0.00014630020327142
gvc: forward,0.719878138491028,2001,"20-Motor vehicles, trailers and semi-trailers",JPN,JPN,12011.6016851828,5.9931902285692e-05
gvc: forward,0.0652230227668294,2020,"1-Agriculture, hunting, forestry",JPN,JPN,199.861647428477,0.000326340864323007
gvc: forward,0.0439207687540569,2001,"1-Agriculture, hunting, forestry",JPN,JPN,176.579600452612,0.000248730706386685
gvc: forward,1.21059759209159,2020,11-Chemical and chemical products,JPN,JPN,24407.1508541966,4.96001192160222e-05
gvc: forward,0.312626669162123,2001,11-Chemical and chemical products,JPN,JPN,9568.5637466532,3.26722669608039e-05
gvc: forward,1.75178726760116,2020,18-Electrical equipment,JPN,JPN,13288.8445513204,0.000131823896414463
gvc: forward,1.3489480183094,2001,18-Electrical equipment,JPN,JPN,7556.21599167681,0.000178521633023099
gvc: forward,8.03828802488142,2020,"20-Motor vehicles, trailers and semi-trailers",JPN,JPN,35432.6904717398,0.000226860786405496
gvc: forward,4.09887444240207,2001,"20-Motor vehicles, trailers and semi-trailers",JPN,JPN,12011.6016851828,0.000341242954089823
gvc: forward,2.61002327755533,2020,"1-Agriculture, hunting, forestry",JPN,JPN,199.861647428477,0.0130591502228528
gvc: forward,10.1394452839024,2001,"1-Agriculture, hunting, forestry",JPN,JPN,176.579600452612,0.057421385357724
gvc: forward,1897.75136106614,2020,11-Chemical and chemical products,JPN,JPN,24407.1508541966,0.0777539079593077
gvc: forward,765.451016276131,2001,11-Chemical and chemical products,JPN,JPN,9568.5637466532,0.0799964379757478
gvc: forward,453.810502101582,2020,18-Electrical equipment,JPN,JPN,13288.8445513204,0.03414973366187
gvc: forward,456.472367913107,2001,18-Electrical equipment,JPN,JPN,7556.21599167681,0.0604101799651985
gvc: forward,196.917928082485,2020,"20-Motor vehicles, trailers and semi-trailers",JPN,JPN,35432.6904717398,0.00555752118907091
gvc: forward,188.442670496114,2001,"20-Motor vehicles, trailers and semi-trailers",JPN,JPN,12011.6016851828,0.0156883882295708
gvc: forward,0.131950686848229,2020,"1-Agriculture, hunting, forestry",JPN,JPN,199.861647428477,0.000660210143096359
gvc: forward,0.0054554682904389,2001,"1-Agriculture, hunting, forestry",JPN,JPN,176.579600452612,3.08952352166124e-05
gvc: forward,0.400644674793285,2020,11-Chemical and chemical products,JPN,JPN,24407.1508541966,1.64150529976504e-05
gvc: forward,0.15967485325719,2001,11-Chemical and chemical products,JPN,JPN,9568.5637466532,1.66874420743698e-05
gvc: forward,0.145561663564179,2020,18-Electrical equipment,JPN,JPN,13288.8445513204,1.09536734365454e-05
gvc: forward,0.191413443034148,2001,18-Electrical equipment,JPN,JPN,7556.21599167681,2.53319178865441e-05
gvc: forward,0.908019943736335,2020,"20-Motor vehicles, trailers and semi-trailers",JPN,JPN,35432.6904717398,2.56266157508008e-05
gvc: forward,0.0988193302478715,2001,"20-Motor vehicles, trailers and semi-trailers",JPN,JPN,12011.6016851828,8.22699027472519e-06
gvc: forward,0.0019678030218867,2020,"1-Agriculture, hunting, forestry",JPN,JPN,199.861647428477,9.84582608622248e-06
gvc: forward,0.0084533550665018,2001,"1-Agriculture, hunting, forestry",JPN,JPN,176.579600452612,4.78727726466364e-05
gvc: forward,2.98906014668243,2020,11-Chemical and chemical products,JPN,JPN,24407.1508541966,0.000122466574019166
gvc: forward,0.474355440034271,2001,11-Chemical and chemical products,JPN,JPN,9568.5637466532,4.95743616904038e-05
gvc: forward,0.139361732483288,2020,18-Electrical equipment,JPN,JPN,13288.8445513204,1.04871218821986e-05
gvc: forward,0.230620019465566,2001,18-Electrical equipment,JPN,JPN,7556.21599167681,3.05205700471763e-05
gvc: forward,0.822604301248503,2020,"20-Motor vehicles, trailers and semi-trailers",JPN,JPN,35432.6904717398,2.32159706275929e-05
gvc: forward,1.67259261826593,2001,"20-Motor vehicles, trailers and semi-trailers",JPN,JPN,12011.6016851828,0.00013924809214488
gvc: forward,0.0181726613128096,2020,"1-Agriculture, hunting, forestry",JPN,JPN,199.861647428477,9.09262059360984e-05
gvc: forward,0.041918708907516,2001,"1-Agriculture, hunting, forestry",JPN,JPN,176.579600452612,0.000237392704480411
gvc: forward,1.09629168231716,2020,11-Chemical and chemical products,JPN,JPN,24407.1508541966,4.49168233058494e-05
gvc: forward,1.51556496827797,2001,11-Chemical and chemical products,JPN,JPN,9568.5637466532,0.000158390016349953
gvc: forward,8.13840392726069,2020,18-Electrical equipment,JPN,JPN,13288.8445513204,0.00061242374352645
gvc: forward,9.66534242836802,2001,18-Electrical equipment,JPN,JPN,7556.21599167681,0.001279124688735
gvc: forward,0.208271717805347,2020,"20-Motor vehicles, trailers and semi-trailers",JPN,JPN,35432.6904717398,5.87795380572241e-06
gvc: forward,0.318257839528058,2001,"20-Motor vehicles, trailers and semi-trailers",JPN,JPN,12011.6016851828,2.64958702319153e-05
gvc: forward,0.0001445989346272,2020,"1-Agriculture, hunting, forestry",JPN,JPN,199.861647428477,7.23495160215501e-07
gvc: forward,0.000988890068806,2001,"1-Agriculture, hunting, forestry",JPN,JPN,176.579600452612,5.60025091387259e-06
gvc: forward,0.372205935561146,2020,11-Chemical and chemical products,JPN,JPN,24407.1508541966,1.52498723748884e-05
gvc: forward,0.0160918707824569,2001,11-Chemical and chemical products,JPN,JPN,9568.5637466532,1.68174359376405e-06
gvc: forward,0.0213819634501816,2020,18-Electrical equipment,JPN,JPN,13288.8445513204,1.60901599590591e-06
gvc: forward,0.0160431486726603,2001,18-Electrical equipment,JPN,JPN,7556.21599167681,2.12317232465719e-06
gvc: forward,0.214647666235321,2020,"20-Motor vehicles, trailers and semi-trailers",JPN,JPN,35432.6904717398,6.05789917100759e-06
gvc: forward,0.0082996309168914,2001,"20-Motor vehicles, trailers and semi-trailers",JPN,JPN,12011.6016851828,6.90967877092496e-07
gvc: forward,0.0172010602952737,2020,"1-Agriculture, hunting, forestry",JPN,JPN,199.861647428477,8.60648379345982e-05
gvc: forward,0.0214978387602765,2001,"1-Agriculture, hunting, forestry",JPN,JPN,176.579600452612,0.000121745879508011
gvc: forward,3.27374751949425,2020,11-Chemical and chemical products,JPN,JPN,24407.1508541966,0.000134130670927179
gvc: forward,1.14370033592567,2001,11-Chemical and chemical products,JPN,JPN,9568.5637466532,0.000119526855462054
gvc: forward,7.75250591146577,2020,18-Electrical equipment,JPN,JPN,13288.8445513204,0.000583384498293006
gvc: forward,0.387476691925571,2001,18-Electrical equipment,JPN,JPN,7556.21599167681,5.12791974650245e-05
gvc: forward,8.34354351235567,2020,"20-Motor vehicles, trailers and semi-trailers",JPN,JPN,35432.6904717398,0.000235475867095395
gvc: forward,2.10267907134486,2001,"20-Motor vehicles, trailers and semi-trailers",JPN,JPN,12011.6016851828,0.000175054012483503
gvc: forward,0.357804485111093,2020,"1-Agriculture, hunting, forestry",JPN,JPN,199.861647428477,0.00179026086152491
gvc: forward,3.64471353472176,2001,"1-Agriculture, hunting, forestry",JPN,JPN,176.579600452612,0.0206406262409676
gvc: forward,84.9071990240109,2020,11-Chemical and chemical products,JPN,JPN,24407.1508541966,0.0034787837192153
gvc: forward,47.4859725439144,2001,11-Chemical and chemical products,JPN,JPN,9568.5637466532,0.00496270639995722
gvc: forward,439.657580892208,2020,18-Electrical equipment,JPN,JPN,13288.8445513204,0.033084710953935
gvc: forward,507.242622989019,2001,18-Electrical equipment,JPN,JPN,7556.21599167681,0.0671291852360689
gvc: forward,1371.71220441866,2020,"20-Motor vehicles, trailers and semi-trailers",JPN,JPN,35432.6904717398,0.0387131822663227
gvc: forward,212.446732458079,2001,"20-Motor vehicles, trailers and semi-trailers",JPN,JPN,12011.6016851828,0.0176867946528853
gvc: forward,0.0002585670437505,2020,"1-Agriculture, hunting, forestry",JPN,JPN,199.861647428477,1.29373017323412e-06
gvc: forward,0.009375089132662,2001,"1-Agriculture, hunting, forestry",JPN,JPN,176.579600452612,5.3092707813539e-05
gvc: forward,0.181763725813661,2020,11-Chemical and chemical products,JPN,JPN,24407.1508541966,7.44715050517289e-06
gvc: forward,0.504438003247993,2001,11-Chemical and chemical products,JPN,JPN,9568.5637466532,5.27182570554991e-05
gvc: forward,0.066716798709325,2020,18-Electrical equipment,JPN,JPN,13288.8445513204,5.02051163678456e-06
gvc: forward,0.220734182530865,2001,18-Electrical equipment,JPN,JPN,7556.21599167681,2.92122648127058e-05
gvc: forward,1.66499128275647,2020,"20-Motor vehicles, trailers and semi-trailers",JPN,JPN,35432.6904717398,4.69902584474759e-05
gvc: forward,0.222426457553225,2001,"20-Motor vehicles, trailers and semi-trailers",JPN,JPN,12011.6016851828,1.85176351483254e-05
gvc: forward,0.0151836849019786,2020,"1-Agriculture, hunting, forestry",JPN,JPN,199.861647428477,7.59709784110143e-05
gvc: forward,0.0560297614291042,2001,"1-Agriculture, hunting, forestry",JPN,JPN,176.579600452612,0.00031730597014314
gvc: forward,1.3249126202507,2020,11-Chemical and chemical products,JPN,JPN,24407.1508541966,5.42837887209966e-05
gvc: forward,0.472676234721815,2001,11-Chemical and chemical products,JPN,JPN,9568.5637466532,4.93988698029151e-05
gvc: forward,1.30539460278383,2020,18-Electrical equipment,JPN,JPN,13288.8445513204,9.82323630728397e-05
gvc: forward,0.998457485397257,2001,18-Electrical equipment,JPN,JPN,7556.21599167681,0.00013213723462869
gvc: forward,1.71951762711033,2020,"20-Motor vehicles, trailers and semi-trailers",JPN,JPN,35432.6904717398,4.85291295754629e-05
gvc: forward,5.05491294828714,2001,"20-Motor vehicles, trailers and semi-trailers",JPN,JPN,12011.6016851828,0.000420835878575857
gvc: forward,0.963110307761675,2020,"1-Agriculture, hunting, forestry",JPN,JPN,199.861647428477,0.00481888506451112
gvc: forward,6.99613254403995,2001,"1-Agriculture, hunting, forestry",JPN,JPN,176.579600452612,0.0396202762159803
gvc: forward,274.476684157837,2020,11-Chemical and chemical products,JPN,JPN,24407.1508541966,0.0112457486659342
gvc: forward,322.245047783171,2001,11-Chemical and chemical products,JPN,JPN,9568.5637466532,0.033677473058157
gvc: forward,126.734050625129,2020,18-Electrical equipment,JPN,JPN,13288.8445513204,0.00953687509366921
gvc: forward,341.989805089013,2001,18-Electrical equipment,JPN,JPN,7556.21599167681,0.0452594004016978
gvc: forward,132.598297526834,2020,"20-Motor vehicles, trailers and semi-trailers",JPN,JPN,35432.6904717398,0.00374225879439189
gvc: forward,214.670617531647,2001,"20-Motor vehicles, trailers and semi-trailers",JPN,JPN,12011.6016851828,0.0178719394097508
gvc: forward,1.64846216012e-05,2020,"1-Agriculture, hunting, forestry",JPN,JPN,199.861647428477,8.24801647204435e-08
gvc: forward,0.0606848467726422,2001,"1-Agriculture, hunting, forestry",JPN,JPN,176.579600452612,0.000343668502007557
gvc: forward,2.02113464988025,2020,11-Chemical and chemical products,JPN,JPN,24407.1508541966,8.28091186043837e-05
gvc: forward,1.18256391350227,2001,11-Chemical and chemical products,JPN,JPN,9568.5637466532,0.000123588444913261
gvc: forward,0.0054238666909692,2020,18-Electrical equipment,JPN,JPN,13288.8445513204,4.0815186527487e-07
gvc: forward,0.255114990156159,2001,18-Electrical equipment,JPN,JPN,7556.21599167681,3.37622681031311e-05
gvc: forward,0.344901850896207,2020,"20-Motor vehicles, trailers and semi-trailers",JPN,JPN,35432.6904717398,9.73400118095158e-06
gvc: forward,1.86514951862162,2001,"20-Motor vehicles, trailers and semi-trailers",JPN,JPN,12011.6016851828,0.00015527900171069
gvc: forward,3.64360904737953,2020,"1-Agriculture, hunting, forestry",JPN,JPN,199.861647428477,0.0182306565279536
gvc: forward,5.23786205241512,2001,"1-Agriculture, hunting, forestry",JPN,JPN,176.579600452612,0.029662894462267
gvc: forward,155.405794629277,2020,11-Chemical and chemical products,JPN,JPN,24407.1508541966,0.00636722391554999
gvc: forward,78.5730286029365,2001,11-Chemical and chemical products,JPN,JPN,9568.5637466532,0.00821158019984129
gvc: forward,25.8220428345646,2020,18-Electrical equipment,JPN,JPN,13288.8445513204,0.0019431367967954
gvc: forward,66.0833473098666,2001,18-Electrical equipment,JPN,JPN,7556.21599167681,0.00874556092396744
gvc: forward,23.621026826895,2020,"20-Motor vehicles, trailers and semi-trailers",JPN,JPN,35432.6904717398,0.000666645025043597
gvc: forward,34.9147201482109,2001,"20-Motor vehicles, trailers and semi-trailers",JPN,JPN,12011.6016851828,0.00290674974606266
gvc: forward,0.0384728363503132,2020,"1-Agriculture, hunting, forestry",JPN,JPN,199.861647428477,0.000192497344264518
gvc: forward,0.257439012127295,2001,"1-Agriculture, hunting, forestry",JPN,JPN,176.579600452612,0.00145792045891724
gvc: forward,6.07638745854811,2020,11-Chemical and chemical products,JPN,JPN,24407.1508541966,0.00024895931093503
gvc: forward,5.86642211022163,2001,11-Chemical and chemical products,JPN,JPN,9568.5637466532,0.000613093277690033
gvc: forward,2.58029973951166,2020,18-Electrical equipment,JPN,JPN,13288.8445513204,0.00019417036067709
gvc: forward,6.7823120639284,2001,18-Electrical equipment,JPN,JPN,7556.21599167681,0.000897580491531625
gvc: forward,11.9498716713961,2020,"20-Motor vehicles, trailers and semi-trailers",JPN,JPN,35432.6904717398,0.000337255554469594
gvc: forward,9.63829787397681,2001,"20-Motor vehicles, trailers and semi-trailers",JPN,JPN,12011.6016851828,0.000802415708295287
gvc: forward,0.41653444853339,2020,"1-Agriculture, hunting, forestry",JPN,JPN,199.861647428477,0.00208411395529226
gvc: forward,1.19031758774255,2001,"1-Agriculture, hunting, forestry",JPN,JPN,176.579600452612,0.00674096885875551
gvc: forward,11.8879543005324,2020,11-Chemical and chemical products,JPN,JPN,24407.1508541966,0.000487068497734481
gvc: forward,14.3306554712755,2001,11-Chemical and chemical products,JPN,JPN,9568.5637466532,0.00149768093213445
gvc: forward,2.67841730003065,2020,18-Electrical equipment,JPN,JPN,13288.8445513204,0.00020155381377868
gvc: forward,4.33292873112649,2001,18-Electrical equipment,JPN,JPN,7556.21599167681,0.000573425737948627
gvc: forward,56.3802118197632,2020,"20-Motor vehicles, trailers and semi-trailers",JPN,JPN,35432.6904717398,0.00159119194927437
gvc: forward,27.441364954886,2001,"20-Motor vehicles, trailers and semi-trailers",JPN,JPN,12011.6016851828,0.00228457167279672
gvc: forward,0.0099103894285926,2020,"1-Agriculture, hunting, forestry",JPN,JPN,199.861647428477,4.95862490683169e-05
gvc: forward,0.0948974260667848,2001,"1-Agriculture, hunting, forestry",JPN,JPN,176.579600452612,0.000537420097358595
gvc: forward,6.43263248788947,2020,11-Chemical and chemical products,JPN,JPN,24407.1508541966,0.00026355523945899
gvc: forward,15.6083667639736,2001,11-Chemical and chemical products,JPN,JPN,9568.5637466532,0.00163121312427196
gvc: forward,0.289534994295578,2020,18-Electrical equipment,JPN,JPN,13288.8445513204,2.17878231006028e-05
gvc: forward,1.2110502306019,2001,18-Electrical equipment,JPN,JPN,7556.21599167681,0.000160272050446397
gvc: forward,3.37647997150228,2020,"20-Motor vehicles, trailers and semi-trailers",JPN,JPN,35432.6904717398,9.52927911075585e-05
gvc: forward,0.934177723585162,2001,"20-Motor vehicles, trailers and semi-trailers",JPN,JPN,12011.6016851828,7.77729521898433e-05
gvc: forward,0.0349078972878019,2020,"1-Agriculture, hunting, forestry",JPN,JPN,199.861647428477,0.000174660309954135
gvc: forward,0.0243610186642658,2001,"1-Agriculture, hunting, forestry",JPN,JPN,176.579600452612,0.000137960549247043
gvc: forward,2.05737643635299,2020,11-Chemical and chemical products,JPN,JPN,24407.1508541966,8.42940025504551e-05
gvc: forward,0.862651624841694,2001,11-Chemical and chemical products,JPN,JPN,9568.5637466532,9.01547659274804e-05
gvc: forward,0.173782450181287,2020,18-Electrical equipment,JPN,JPN,13288.8445513204,1.307731831087e-05
gvc: forward,0.278243076223808,2001,18-Electrical equipment,JPN,JPN,7556.21599167681,3.68230707711761e-05
gvc: forward,5.03718862774889,2020,"20-Motor vehicles, trailers and semi-trailers",JPN,JPN,35432.6904717398,0.000142162183020407
gvc: forward,3.46064705123058,2001,"20-Motor vehicles, trailers and semi-trailers",JPN,JPN,12011.6016851828,0.000288108708724461
gvc: forward,0.99198909660897,2020,"1-Agriculture, hunting, forestry",JPN,JPN,199.861647428477,0.00496337896426059
gvc: forward,1.53901534708932,2001,"1-Agriculture, hunting, forestry",JPN,JPN,176.579600452612,0.00871570296424097
gvc: forward,103.785382797562,2020,11-Chemical and chemical products,JPN,JPN,24407.1508541966,0.00425225309654351
gvc: forward,48.4278614345047,2001,11-Chemical and chemical products,JPN,JPN,9568.5637466532,0.00506114216477299
gvc: forward,239.329391793248,2020,18-Electrical equipment,JPN,JPN,13288.8445513204,0.0180097969292197
gvc: forward,128.077364136679,2001,18-Electrical equipment,JPN,JPN,7556.21599167681,0.016949934236628
gvc: forward,30.1511823835485,2020,"20-Motor vehicles, trailers and semi-trailers",JPN,JPN,35432.6904717398,0.000850942504848631
gvc: forward,49.0741202654214,2001,"20-Motor vehicles, trailers and semi-trailers",JPN,JPN,12011.6016851828,0.00408556007363764
gvc: forward,0.0430828589053296,2020,"1-Agriculture, hunting, forestry",JPN,JPN,199.861647428477,0.000215563413289422
gvc: forward,0.154994301911753,2001,"1-Agriculture, hunting, forestry",JPN,JPN,176.579600452612,0.000877758821032942
gvc: forward,167.781595351724,2020,11-Chemical and chemical products,JPN,JPN,24407.1508541966,0.0068742802613061
gvc: forward,8.88766277256761,2001,11-Chemical and chemical products,JPN,JPN,9568.5637466532,0.000928839793294606
gvc: forward,46.186728691232,2020,18-Electrical equipment,JPN,JPN,13288.8445513204,0.00347560154781425
gvc: forward,11.5555121257128,2001,18-Electrical equipment,JPN,JPN,7556.21599167681,0.00152927234192898
gvc: forward,306.550189906069,2020,"20-Motor vehicles, trailers and semi-trailers",JPN,JPN,35432.6904717398,0.00865162046191682
gvc: forward,18.8424326407858,2001,"20-Motor vehicles, trailers and semi-trailers",JPN,JPN,12011.6016851828,0.00156868610320548
gvc: forward,0.019696387650209,2020,"1-Agriculture, hunting, forestry",JPN,JPN,199.861647428477,9.85501115578344e-05
gvc: forward,0.0880508458343932,2001,"1-Agriculture, hunting, forestry",JPN,JPN,176.579600452612,0.000498646761056767
gvc: forward,6.57346232348894,2020,11-Chemical and chemical products,JPN,JPN,24407.1508541966,0.000269325263024655
gvc: forward,3.53983167222168,2001,11-Chemical and chemical products,JPN,JPN,9568.5637466532,0.00036994388770831
gvc: forward,3.75818826991835,2020,18-Electrical equipment,JPN,JPN,13288.8445513204,0.000282807753180087
gvc: forward,5.06799447879193,2001,18-Electrical equipment,JPN,JPN,7556.21599167681,0.000670705348334978
gvc: forward,24.5378873871438,2020,"20-Motor vehicles, trailers and semi-trailers",JPN,JPN,35432.6904717398,0.000692521145316769
gvc: forward,24.6863840492831,2001,"20-Motor vehicles, trailers and semi-trailers",JPN,JPN,12011.6016851828,0.0020552116775347
gvc: forward,0.0010026268810004,2020,"1-Agriculture, hunting, forestry",JPN,JPN,199.861647428477,5.01660470580881e-06
gvc: forward,0.0139716763188794,2001,"1-Agriculture, hunting, forestry",JPN,JPN,176.579600452612,7.91239547663882e-05
gvc: forward,4.30245935790706,2020,11-Chemical and chemical products,JPN,JPN,24407.1508541966,0.000176278639961259
gvc: forward,0.366951012420304,2001,11-Chemical and chemical products,JPN,JPN,9568.5637466532,3.8349643910629e-05
gvc: forward,2.01365881573938,2020,18-Electrical equipment,JPN,JPN,13288.8445513204,0.000151530015116273
gvc: forward,0.813912006100705,2001,18-Electrical equipment,JPN,JPN,7556.21599167681,0.000107714232493781
gvc: forward,24.5074408876135,2020,"20-Motor vehicles, trailers and semi-trailers",JPN,JPN,35432.6904717398,0.000691661868216302
gvc: forward,0.147844078049856,2001,"20-Motor vehicles, trailers and semi-trailers",JPN,JPN,12011.6016851828,1.23084399503717e-05
gvc: forward,0.0618903439976765,2020,"1-Agriculture, hunting, forestry",JPN,JPN,199.861647428477,0.000309665935380747
gvc: forward,0.179856193619797,2001,"1-Agriculture, hunting, forestry",JPN,JPN,176.579600452612,0.001018555898636
gvc: forward,51.5199377655262,2020,11-Chemical and chemical products,JPN,JPN,24407.1508541966,0.00211085423584653
gvc: forward,7.14788649641595,2001,11-Chemical and chemical products,JPN,JPN,9568.5637466532,0.00074701770147229
gvc: forward,22.1288796341947,2020,18-Electrical equipment,JPN,JPN,13288.8445513204,0.00166522225079351
gvc: forward,7.24740106334174,2001,18-Electrical equipment,JPN,JPN,7556.21599167681,0.000959131008341314
gvc: forward,302.204736486869,2020,"20-Motor vehicles, trailers and semi-trailers",JPN,JPN,35432.6904717398,0.00852898079325644
gvc: forward,36.0599905810517,2001,"20-Motor vehicles, trailers and semi-trailers",JPN,JPN,12011.6016851828,0.00300209676662309
gvc: forward,0.152554794893102,2020,"1-Agriculture, hunting, forestry",JPN,JPN,199.861647428477,0.000763301998437171
gvc: forward,0.341288444383167,2001,"1-Agriculture, hunting, forestry",JPN,JPN,176.579600452612,0.00193277390767886
gvc: forward,28.4152150391866,2020,11-Chemical and chemical products,JPN,JPN,24407.1508541966,0.00116421679895918
gvc: forward,4.50110699870671,2001,11-Chemical and chemical products,JPN,JPN,9568.5637466532,0.000470405707469009
gvc: forward,1.82187332348401,2020,18-Electrical equipment,JPN,JPN,13288.8445513204,0.000137097948316582
gvc: forward,1.05639958788491,2001,18-Electrical equipment,JPN,JPN,7556.21599167681,0.000139805372033904
gvc: forward,6.1168627534845,2020,"20-Motor vehicles, trailers and semi-trailers",JPN,JPN,35432.6904717398,0.000172633313249615
gvc: forward,14.4022929778992,2001,"20-Motor vehicles, trailers and semi-trailers",JPN,JPN,12011.6016851828,0.00119903184898859
gvc: forward,0,2020,"1-Agriculture, hunting, forestry",JPN,JPN,199.861647428477,0
gvc: forward,0.0022980808594164,2001,"1-Agriculture, hunting, forestry",JPN,JPN,176.579600452612,1.30144187297169e-05
gvc: forward,0.0762635815374085,2020,11-Chemical and chemical products,JPN,JPN,24407.1508541966,3.12464088877034e-06
gvc: forward,0.100840403505248,2001,11-Chemical and chemical products,JPN,JPN,9568.5637466532,1.05387188898145e-05
gvc: forward,0.0162088110627773,2020,18-Electrical equipment,JPN,JPN,13288.8445513204,1.21973065454865e-06
gvc: forward,0.0326675185405777,2001,18-Electrical equipment,JPN,JPN,7556.21599167681,4.32326426038655e-06
gvc: forward,1.63791698057701,2020,"20-Motor vehicles, trailers and semi-trailers",JPN,JPN,35432.6904717398,4.62261532717469e-05
gvc: forward,0.386374549385033,2001,"20-Motor vehicles, trailers and semi-trailers",JPN,JPN,12011.6016851828,3.21667800441347e-05
gvc: forward,3.26063200365177,2020,"1-Agriculture, hunting, forestry",JPN,JPN,199.861647428477,0.0163144457458684
gvc: forward,2.77074157815109,2001,"1-Agriculture, hunting, forestry",JPN,JPN,176.579600452612,0.0156911759401939
gvc: forward,38.0616088141803,2020,11-Chemical and chemical products,JPN,JPN,24407.1508541966,0.00155944497748028
gvc: forward,149.807226522882,2001,11-Chemical and chemical products,JPN,JPN,9568.5637466532,0.0156561873327416
gvc: forward,82.3333207625606,2020,18-Electrical equipment,JPN,JPN,13288.8445513204,0.00619567189943388
gvc: forward,109.197718769194,2001,18-Electrical equipment,JPN,JPN,7556.21599167681,0.014451376044501
gvc: forward,4.52298234699379,2020,"20-Motor vehicles, trailers and semi-trailers",JPN,JPN,35432.6904717398,0.00012764998330006
gvc: forward,49.7441413322138,2001,"20-Motor vehicles, trailers and semi-trailers",JPN,JPN,12011.6016851828,0.00414134123291625
gvc: forward,0.0225130710771487,2020,"1-Agriculture, hunting, forestry",JPN,JPN,199.861647428477,0.0001126432778215
gvc: forward,0.0503645925160591,2001,"1-Agriculture, hunting, forestry",JPN,JPN,176.579600452612,0.000285223165002999
gvc: forward,4.69301782088192,2020,11-Chemical and chemical products,JPN,JPN,24407.1508541966,0.000192280444731836
gvc: forward,1.42913895491271,2001,11-Chemical and chemical products,JPN,JPN,9568.5637466532,0.000149357729409764
gvc: forward,6.2748297816124,2020,18-Electrical equipment,JPN,JPN,13288.8445513204,0.000472187763005245
gvc: forward,6.51587932482027,2001,18-Electrical equipment,JPN,JPN,7556.21599167681,0.000862320416991458
gvc: forward,93.5383920358507,2020,"20-Motor vehicles, trailers and semi-trailers",JPN,JPN,35432.6904717398,0.00263988962707911
gvc: forward,7.43695636171896,2001,"20-Motor vehicles, trailers and semi-trailers",JPN,JPN,12011.6016851828,0.000619147767020363
gvc: forward,0.0048751846603743,2020,"1-Agriculture, hunting, forestry",JPN,JPN,199.861647428477,2.43927973330598e-05
gvc: forward,0.0255421755081769,2001,"1-Agriculture, hunting, forestry",JPN,JPN,176.579600452612,0.000144649639271505
gvc: forward,4.35570589807281,2020,11-Chemical and chemical products,JPN,JPN,24407.1508541966,0.000178460235858455
gvc: forward,2.79330218170629,2001,11-Chemical and chemical products,JPN,JPN,9568.5637466532,0.000291924917434271
gvc: forward,1.24758837457148,2020,18-Electrical equipment,JPN,JPN,13288.8445513204,9.38823815534452e-05
gvc: forward,2.27810332549389,2001,18-Electrical equipment,JPN,JPN,7556.21599167681,0.000301487322226261
gvc: forward,5.64687886838209,2020,"20-Motor vehicles, trailers and semi-trailers",JPN,JPN,35432.6904717398,0.000159369181205302
gvc: forward,2.05740560093168,2001,"20-Motor vehicles, trailers and semi-trailers",JPN,JPN,12011.6016851828,0.000171284867318706
gvc: forward,0.0978027264764131,2020,"1-Agriculture, hunting, forestry",JPN,JPN,199.861647428477,0.000489352148022361
gvc: forward,0.448669429705745,2001,"1-Agriculture, hunting, forestry",JPN,JPN,176.579600452612,0.00254089050238933
gvc: forward,9.25914315658957,2020,11-Chemical and chemical products,JPN,JPN,24407.1508541966,0.000379361901432159
gvc: forward,40.9252134446475,2001,11-Chemical and chemical products,JPN,JPN,9568.5637466532,0.00427704873251871
gvc: forward,5.96540145579986,2020,18-Electrical equipment,JPN,JPN,13288.8445513204,0.000448902945080138
gvc: forward,36.2631872409525,2001,18-Electrical equipment,JPN,JPN,7556.21599167681,0.00479911999351216
gvc: forward,60.3669899263153,2020,"20-Motor vehicles, trailers and semi-trailers",JPN,JPN,35432.6904717398,0.00170370889488233
gvc: forward,64.7489362090947,2001,"20-Motor vehicles, trailers and semi-trailers",JPN,JPN,12011.6016851828,0.00539053307844593
gvc: forward,2.15848409114558,2020,"1-Agriculture, hunting, forestry",JPN,JPN,199.861647428477,0.0107998914194782
gvc: forward,8.57879784736729,2001,"1-Agriculture, hunting, forestry",JPN,JPN,176.579600452612,0.0485831762297454
gvc: forward,678.482245525176,2020,11-Chemical and chemical products,JPN,JPN,24407.1508541966,0.0277985025609213
gvc: forward,357.124914457152,2001,11-Chemical and chemical products,JPN,JPN,9568.5637466532,0.0373227292948813
gvc: forward,416.095265353406,2020,18-Electrical equipment,JPN,JPN,13288.8445513204,0.0313116210929011
gvc: forward,313.537744011077,2001,18-Electrical equipment,JPN,JPN,7556.21599167681,0.0414940155702854
gvc: forward,591.155269110784,2020,"20-Motor vehicles, trailers and semi-trailers",JPN,JPN,35432.6904717398,0.0166838944838884
gvc: forward,280.658582006998,2001,"20-Motor vehicles, trailers and semi-trailers",JPN,JPN,12011.6016851828,0.0233656251150262
gvc: forward,0.0790289417152217,2020,"1-Agriculture, hunting, forestry",JPN,JPN,199.861647428477,0.00039541824423069
gvc: forward,0.0223221580570737,2001,"1-Agriculture, hunting, forestry",JPN,JPN,176.579600452612,0.000126414138438739
gvc: forward,9.68102824846167,2020,11-Chemical and chemical products,JPN,JPN,24407.1508541966,0.000396647208283105
gvc: forward,1.31076588968134,2001,11-Chemical and chemical products,JPN,JPN,9568.5637466532,0.000136986691460336
gvc: forward,1.20550908138411,2020,18-Electrical equipment,JPN,JPN,13288.8445513204,9.07158689928638e-05
gvc: forward,0.499789660401695,2001,18-Electrical equipment,JPN,JPN,7556.21599167681,6.61428499333813e-05
gvc: forward,22.3473273904674,2020,"20-Motor vehicles, trailers and semi-trailers",JPN,JPN,35432.6904717398,0.000630698010592536
gvc: forward,4.56734663834926,2001,"20-Motor vehicles, trailers and semi-trailers",JPN,JPN,12011.6016851828,0.00038024459668717
gvc: forward,0.110383717700827,2020,"1-Agriculture, hunting, forestry",JPN,JPN,199.861647428477,0.00055230064957975
gvc: forward,0.18190880035724,2001,"1-Agriculture, hunting, forestry",JPN,JPN,176.579600452612,0.00103018015609373
gvc: forward,41.0104283131909,2020,11-Chemical and chemical products,JPN,JPN,24407.1508541966,0.00168026282781546
gvc: forward,9.98758430436531,2001,11-Chemical and chemical products,JPN,JPN,9568.5637466532,0.00104379137442217
gvc: forward,45.4514561805036,2020,18-Electrical equipment,JPN,JPN,13288.8445513204,0.00342027149200023
gvc: forward,8.22811454961376,2001,18-Electrical equipment,JPN,JPN,7556.21599167681,0.00108891997776096
gvc: forward,113.682197287136,2020,"20-Motor vehicles, trailers and semi-trailers",JPN,JPN,35432.6904717398,0.00320839867855381
gvc: forward,13.911880667752,2001,"20-Motor vehicles, trailers and semi-trailers",JPN,JPN,12011.6016851828,0.00115820362948876
gvc: forward,9.71544809402894,2020,"1-Agriculture, hunting, forestry",JPN,JPN,199.861647428477,0.0486108676628703
gvc: forward,15.0483770644164,2001,"1-Agriculture, hunting, forestry",JPN,JPN,176.579600452612,0.0852214923232587
gvc: forward,3099.24088311905,2020,11-Chemical and chemical products,JPN,JPN,24407.1508541966,0.12698085498112
gvc: forward,1805.14857705291,2001,11-Chemical and chemical products,JPN,JPN,9568.5637466532,0.18865407858983
gvc: forward,378.123950280353,2020,18-Electrical equipment,JPN,JPN,13288.8445513204,0.0284542383515791
gvc: forward,510.193184423669,2001,18-Electrical equipment,JPN,JPN,7556.21599167681,0.0675196665878328
gvc: forward,339.106251407732,2020,"20-Motor vehicles, trailers and semi-trailers",JPN,JPN,35432.6904717398,0.00957043472829687
gvc: forward,208.326925184056,2001,"20-Motor vehicles, trailers and semi-trailers",JPN,JPN,12011.6016851828,0.0173438089810323
gvc: forward,0.0282773559836269,2020,"1-Agriculture, hunting, forestry",JPN,JPN,199.861647428477,0.000141484653746519
gvc: forward,0.0122300981692212,2001,"1-Agriculture, hunting, forestry",JPN,JPN,176.579600452612,6.92611045549586e-05
gvc: forward,4.32786218378052,2020,11-Chemical and chemical products,JPN,JPN,24407.1508541966,0.000177319434358983
gvc: forward,0.0911389758802184,2001,11-Chemical and chemical products,JPN,JPN,9568.5637466532,9.5248334330318e-06
gvc: forward,0.472986790061467,2020,18-Electrical equipment,JPN,JPN,13288.8445513204,3.55927701791403e-05
gvc: forward,0.117189113027935,2001,18-Electrical equipment,JPN,JPN,7556.21599167681,1.55089681339203e-05
gvc: forward,68.6007506562624,2020,"20-Motor vehicles, trailers and semi-trailers",JPN,JPN,35432.6904717398,0.00193608641463387
gvc: forward,0.528815833882191,2001,"20-Motor vehicles, trailers and semi-trailers",JPN,JPN,12011.6016851828,4.40254220662782e-05
gvc: forward,6.74894348089818,2020,"1-Agriculture, hunting, forestry",JPN,JPN,199.861647428477,0.0337680769058674
gvc: forward,13.0111970754636,2001,"1-Agriculture, hunting, forestry",JPN,JPN,176.579600452612,0.0736845991389325
gvc: forward,536.386675992118,2020,11-Chemical and chemical products,JPN,JPN,24407.1508541966,0.0219766198519599
gvc: forward,637.410708862808,2001,11-Chemical and chemical products,JPN,JPN,9568.5637466532,0.0666150872523325
gvc: forward,262.152930367166,2020,18-Electrical equipment,JPN,JPN,13288.8445513204,0.0197272930204544
gvc: forward,427.594754950519,2001,18-Electrical equipment,JPN,JPN,7556.21599167681,0.0565884770130335
gvc: forward,1869.27725907279,2020,"20-Motor vehicles, trailers and semi-trailers",JPN,JPN,35432.6904717398,0.0527557245635546
gvc: forward,1717.48973579245,2001,"20-Motor vehicles, trailers and semi-trailers",JPN,JPN,12011.6016851828,0.142985904861556
gvc: forward,18.9560139910807,2020,"1-Agriculture, hunting, forestry",JPN,JPN,199.861647428477,0.0948456806744992
gvc: forward,2.19041063010387,2001,"1-Agriculture, hunting, forestry",JPN,JPN,176.579600452612,0.0124046640976045
gvc: forward,615.866557987284,2020,11-Chemical and chemical products,JPN,JPN,24407.1508541966,0.0252330377136744
gvc: forward,25.250651327359,2001,11-Chemical and chemical products,JPN,JPN,9568.5637466532,0.00263891760518301
gvc: forward,502.603725754333,2020,18-Electrical equipment,JPN,JPN,13288.8445513204,0.0378214767892966
gvc: forward,25.2955926411739,2001,18-Electrical equipment,JPN,JPN,7556.21599167681,0.00334765346425209
gvc: forward,72.6511510136342,2020,"20-Motor vehicles, trailers and semi-trailers",JPN,JPN,35432.6904717398,0.00205039894081932
gvc: forward,15.9461304355156,2001,"20-Motor vehicles, trailers and semi-trailers",JPN,JPN,12011.6016851828,0.00132756070784351
gvc: forward,0.0165760071109962,2020,"1-Agriculture, hunting, forestry",JPN,JPN,199.861647428477,8.29374085737391e-05
gvc: forward,0.313264142511286,2001,"1-Agriculture, hunting, forestry",JPN,JPN,176.579600452612,0.00177406756900752
gvc: forward,27.5844445539109,2020,11-Chemical and chemical products,JPN,JPN,24407.1508541966,0.00113017880369138
gvc: forward,18.3835676355172,2001,11-Chemical and chemical products,JPN,JPN,9568.5637466532,0.00192124629382829
gvc: forward,6.8531469430211,2020,18-Electrical equipment,JPN,JPN,13288.8445513204,0.000515706758142504
gvc: forward,9.64887121981944,2001,18-Electrical equipment,JPN,JPN,7556.21599167681,0.00127694486637858
gvc: forward,254.680261158425,2020,"20-Motor vehicles, trailers and semi-trailers",JPN,JPN,35432.6904717398,0.00718772009033724
gvc: forward,29.7524027265143,2001,"20-Motor vehicles, trailers and semi-trailers",JPN,JPN,12011.6016851828,0.00247697213962865
gvc: mixed,0.067877155583471,2020,"1-Agriculture, hunting, forestry",JPN,JPN,199.861647428477,0.000339620714913609
gvc: mixed,0.024588581531889,2001,"1-Agriculture, hunting, forestry",JPN,JPN,176.579600452612,0.000139249276070753
gvc: mixed,4.704158185542,2020,11-Chemical and chemical products,JPN,JPN,24407.1508541966,0.000192736883286529
gvc: mixed,1.90425129970077,2001,11-Chemical and chemical products,JPN,JPN,9568.5637466532,0.000199011194377716
gvc: mixed,0.88542875587477,2020,18-Electrical equipment,JPN,JPN,13288.8445513204,6.6629476509814e-05
gvc: mixed,0.252490449411219,2001,18-Electrical equipment,JPN,JPN,7556.21599167681,3.3414932777112e-05
gvc: mixed,3.4255097608773,2020,"20-Motor vehicles, trailers and semi-trailers",JPN,JPN,35432.6904717398,9.66765355741021e-05
gvc: mixed,1.3497159953954,2001,"20-Motor vehicles, trailers and semi-trailers",JPN,JPN,12011.6016851828,0.000112367695064379
gvc: mixed,0.234156081631321,2020,"1-Agriculture, hunting, forestry",JPN,JPN,199.861647428477,0.00117159087120562
gvc: mixed,0.22202606817656,2001,"1-Agriculture, hunting, forestry",JPN,JPN,176.579600452612,0.00125737099646538
gvc: mixed,9.91569510222881,2020,11-Chemical and chemical products,JPN,JPN,24407.1508541966,0.000406261884537985
gvc: mixed,9.63050037858991,2001,11-Chemical and chemical products,JPN,JPN,9568.5637466532,0.00100647292880903
gvc: mixed,4.0590538328486,2020,18-Electrical equipment,JPN,JPN,13288.8445513204,0.000305448213888942
gvc: mixed,3.56309837780551,2001,18-Electrical equipment,JPN,JPN,7556.21599167681,0.000471545331913523
gvc: mixed,56.507439293813,2020,"20-Motor vehicles, trailers and semi-trailers",JPN,JPN,35432.6904717398,0.0015947826298678
gvc: mixed,23.026641744418,2001,"20-Motor vehicles, trailers and semi-trailers",JPN,JPN,12011.6016851828,0.00191703341052535
gvc: mixed,0.0146859911471336,2020,"1-Agriculture, hunting, forestry",JPN,JPN,199.861647428477,7.34807870148731e-05
gvc: mixed,0.040818519166945,2001,"1-Agriculture, hunting, forestry",JPN,JPN,176.579600452612,0.000231162144790894
gvc: mixed,27.965955471749,2020,11-Chemical and chemical products,JPN,JPN,24407.1508541966,0.00114580991606976
gvc: mixed,3.84399371852788,2001,11-Chemical and chemical products,JPN,JPN,9568.5637466532,0.000401731526308993
gvc: mixed,3.99966456829147,2020,18-Electrical equipment,JPN,JPN,13288.8445513204,0.000300979107163539
gvc: mixed,3.11392221402348,2001,18-Electrical equipment,JPN,JPN,7556.21599167681,0.000412100741621662
gvc: mixed,23.2306325980655,2020,"20-Motor vehicles, trailers and semi-trailers",JPN,JPN,35432.6904717398,0.000655627114079685
gvc: mixed,5.5262446208399,2001,"20-Motor vehicles, trailers and semi-trailers",JPN,JPN,12011.6016851828,0.000460075580732662
gvc: mixed,0.0157208758270032,2020,"1-Agriculture, hunting, forestry",JPN,JPN,199.861647428477,7.86587923659996e-05
gvc: mixed,0.097782983113578,2001,"1-Agriculture, hunting, forestry",JPN,JPN,176.579600452612,0.000553761492623942
gvc: mixed,8.09093071470379,2020,11-Chemical and chemical products,JPN,JPN,24407.1508541966,0.000331498369598212
gvc: mixed,15.2657709678387,2001,11-Chemical and chemical products,JPN,JPN,9568.5637466532,0.00159540881704197
gvc: mixed,1.7135872320692,2020,18-Electrical equipment,JPN,JPN,13288.8445513204,0.000128949302209946
gvc: mixed,5.9717075685874,2001,18-Electrical equipment,JPN,JPN,7556.21599167681,0.000790303979553423
gvc: mixed,69.44140474224,2020,"20-Motor vehicles, trailers and semi-trailers",JPN,JPN,35432.6904717398,0.00195981179576597
gvc: mixed,13.3726279241128,2001,"20-Motor vehicles, trailers and semi-trailers",JPN,JPN,12011.6016851828,0.00111330930500376
gvc: mixed,0.027444106052443,2020,"1-Agriculture, hunting, forestry",JPN,JPN,199.861647428477,0.000137315520038752
gvc: mixed,0.0080512316312031,2001,"1-Agriculture, hunting, forestry",JPN,JPN,176.579600452612,4.55954799453958e-05
gvc: mixed,2.92719309394303,2020,11-Chemical and chemical products,JPN,JPN,24407.1508541966,0.000119931781936757
gvc: mixed,0.33614549997718,2001,11-Chemical and chemical products,JPN,JPN,9568.5637466532,3.51301939222335e-05
gvc: mixed,0.224982250975913,2020,18-Electrical equipment,JPN,JPN,13288.8445513204,1.69301589846319e-05
gvc: mixed,0.0284619994984601,2001,18-Electrical equipment,JPN,JPN,7556.21599167681,3.76670009563134e-06
gvc: mixed,0.122879823473138,2020,"20-Motor vehicles, trailers and semi-trailers",JPN,JPN,35432.6904717398,3.46797891543528e-06
gvc: mixed,0.0916932383202516,2001,"20-Motor vehicles, trailers and semi-trailers",JPN,JPN,12011.6016851828,7.63372285590872e-06
gvc: mixed,0.0005421390530298,2020,"1-Agriculture, hunting, forestry",JPN,JPN,199.861647428477,2.71257172151456e-06
gvc: mixed,0.000787688047463,2001,"1-Agriculture, hunting, forestry",JPN,JPN,176.579600452612,4.46080999981868e-06
gvc: mixed,1.38089659079596,2020,11-Chemical and chemical products,JPN,JPN,24407.1508541966,5.65775415182689e-05
gvc: mixed,0.104622495065201,2001,11-Chemical and chemical products,JPN,JPN,9568.5637466532,1.09339810900873e-05
gvc: mixed,1.06782940473877,2020,18-Electrical equipment,JPN,JPN,13288.8445513204,8.03553236411868e-05
gvc: mixed,0.035487589224969,2001,18-Electrical equipment,JPN,JPN,7556.21599167681,4.69647628708055e-06
gvc: mixed,0.73455251123179,2020,"20-Motor vehicles, trailers and semi-trailers",JPN,JPN,35432.6904717398,2.07309267643012e-05
gvc: mixed,0.0512035185562931,2001,"20-Motor vehicles, trailers and semi-trailers",JPN,JPN,12011.6016851828,4.26283853713335e-06
gvc: mixed,0.0001063816909999,2020,"1-Agriculture, hunting, forestry",JPN,JPN,199.861647428477,5.32276664225786e-07
gvc: mixed,0.0008904211031629,2001,"1-Agriculture, hunting, forestry",JPN,JPN,176.579600452612,5.04260458671644e-06
gvc: mixed,1.56507815359776,2020,11-Chemical and chemical products,JPN,JPN,24407.1508541966,6.41237546712118e-05
gvc: mixed,0.283742344753647,2001,11-Chemical and chemical products,JPN,JPN,9568.5637466532,2.96535982061981e-05
gvc: mixed,0.134003369523759,2020,18-Electrical equipment,JPN,JPN,13288.8445513204,1.00838992439297e-05
gvc: mixed,0.0277628573343746,2001,18-Electrical equipment,JPN,JPN,7556.21599167681,3.67417466162368e-06
gvc: mixed,0.092272957479705,2020,"20-Motor vehicles, trailers and semi-trailers",JPN,JPN,35432.6904717398,2.60417586842014e-06
gvc: mixed,0.017660453733079,2001,"20-Motor vehicles, trailers and semi-trailers",JPN,JPN,12011.6016851828,1.47028299771749e-06
gvc: mixed,0.19420764947425,2020,"1-Agriculture, hunting, forestry",JPN,JPN,199.861647428477,0.000971710440562387
gvc: mixed,0.0934504798591449,2001,"1-Agriculture, hunting, forestry",JPN,JPN,176.579600452612,0.000529225797428529
gvc: mixed,26.8419339745728,2020,11-Chemical and chemical products,JPN,JPN,24407.1508541966,0.00109975695790636
gvc: mixed,6.61572252654111,2001,11-Chemical and chemical products,JPN,JPN,9568.5637466532,0.000691401834351064
gvc: mixed,3.134452987203,2020,18-Electrical equipment,JPN,JPN,13288.8445513204,0.000235870995036327
gvc: mixed,3.14805335138851,2001,18-Electrical equipment,JPN,JPN,7556.21599167681,0.000416617703207014
gvc: mixed,22.1631738621099,2020,"20-Motor vehicles, trailers and semi-trailers",JPN,JPN,35432.6904717398,0.00062550073299646
gvc: mixed,3.9023886273204,2001,"20-Motor vehicles, trailers and semi-trailers",JPN,JPN,12011.6016851828,0.000324884951199663
gvc: mixed,0.0002987834120446,2020,"1-Agriculture, hunting, forestry",JPN,JPN,199.861647428477,1.49495121194537e-06
gvc: mixed,0.0008909537352895,2001,"1-Agriculture, hunting, forestry",JPN,JPN,176.579600452612,5.0456209721043e-06
gvc: mixed,0.133937841411451,2020,11-Chemical and chemical products,JPN,JPN,24407.1508541966,5.48764754278648e-06
gvc: mixed,0.0220454442785272,2001,11-Chemical and chemical products,JPN,JPN,9568.5637466532,2.30394496626916e-06
gvc: mixed,0.041285302982228,2020,18-Electrical equipment,JPN,JPN,13288.8445513204,3.10676393442543e-06
gvc: mixed,0.035554381300986,2001,18-Electrical equipment,JPN,JPN,7556.21599167681,4.7053156421348e-06
gvc: mixed,0.258060170523692,2020,"20-Motor vehicles, trailers and semi-trailers",JPN,JPN,35432.6904717398,7.28310966759676e-06
gvc: mixed,0.0768570043748719,2001,"20-Motor vehicles, trailers and semi-trailers",JPN,JPN,12011.6016851828,6.39856418729575e-06
gvc: mixed,0.312136206037883,2020,"1-Agriculture, hunting, forestry",JPN,JPN,199.861647428477,0.0015617613987175
gvc: mixed,0.348128388213054,2001,"1-Agriculture, hunting, forestry",JPN,JPN,176.579600452612,0.00197150966091623
gvc: mixed,21.1803916772408,2020,11-Chemical and chemical products,JPN,JPN,24407.1508541966,0.000867794516605735
gvc: mixed,12.0239489707073,2001,11-Chemical and chemical products,JPN,JPN,9568.5637466532,0.0012566095904323
gvc: mixed,17.3325447882899,2020,18-Electrical equipment,JPN,JPN,13288.8445513204,0.00130429283910675
gvc: mixed,13.8138569169281,2001,18-Electrical equipment,JPN,JPN,7556.21599167681,0.00182814479259779
gvc: mixed,292.605958105834,2020,"20-Motor vehicles, trailers and semi-trailers",JPN,JPN,35432.6904717398,0.00825807902843869
gvc: mixed,73.867067680839,2001,"20-Motor vehicles, trailers and semi-trailers",JPN,JPN,12011.6016851828,0.00614964345445783
gvc: mixed,0.057932273442625,2020,"1-Agriculture, hunting, forestry",JPN,JPN,199.861647428477,0.000289861882897552
gvc: mixed,0.0567597546367559,2001,"1-Agriculture, hunting, forestry",JPN,JPN,176.579600452612,0.000321440044553664
gvc: mixed,1.63450267430798,2020,11-Chemical and chemical products,JPN,JPN,24407.1508541966,6.6968188301542e-05
gvc: mixed,4.81550259130434,2001,11-Chemical and chemical products,JPN,JPN,9568.5637466532,0.000503262842658979
gvc: mixed,7.7177549779036,2020,18-Electrical equipment,JPN,JPN,13288.8445513204,0.000580769452761548
gvc: mixed,8.62483764139259,2001,18-Electrical equipment,JPN,JPN,7556.21599167681,0.00114142285647907
gvc: mixed,9.61491966307199,2020,"20-Motor vehicles, trailers and semi-trailers",JPN,JPN,35432.6904717398,0.000271357312556906
gvc: mixed,2.639071489417,2001,"20-Motor vehicles, trailers and semi-trailers",JPN,JPN,12011.6016851828,0.000219710206730589
gvc: mixed,0.0291587434144138,2020,"1-Agriculture, hunting, forestry",JPN,JPN,199.861647428477,0.000145894641566229
gvc: mixed,0.0212286818818654,2001,"1-Agriculture, hunting, forestry",JPN,JPN,176.579600452612,0.000120221598799927
gvc: mixed,3.57853445273587,2020,11-Chemical and chemical products,JPN,JPN,24407.1508541966,0.00014661827896723
gvc: mixed,0.99353911713018,2001,11-Chemical and chemical products,JPN,JPN,9568.5637466532,0.000103833672788948
gvc: mixed,0.31863251767285,2020,18-Electrical equipment,JPN,JPN,13288.8445513204,2.39774433693102e-05
gvc: mixed,0.49440519253426,2001,18-Electrical equipment,JPN,JPN,7556.21599167681,6.54302620622343e-05
gvc: mixed,1.97934881684702,2020,"20-Motor vehicles, trailers and semi-trailers",JPN,JPN,35432.6904717398,5.5862221877441e-05
gvc: mixed,0.166479573145922,2001,"20-Motor vehicles, trailers and semi-trailers",JPN,JPN,12011.6016851828,1.3859897914471e-05
gvc: mixed,6.311479426176,2020,"1-Agriculture, hunting, forestry",JPN,JPN,199.861647428477,0.0315792424778978
gvc: mixed,1.33050287257937,2001,"1-Agriculture, hunting, forestry",JPN,JPN,176.579600452612,0.00753486172337574
gvc: mixed,1152.29526348013,2020,11-Chemical and chemical products,JPN,JPN,24407.1508541966,0.0472113795814886
gvc: mixed,146.677365177001,2001,11-Chemical and chemical products,JPN,JPN,9568.5637466532,0.0153290889897979
gvc: mixed,576.23768389329,2020,18-Electrical equipment,JPN,JPN,13288.8445513204,0.0433625121934349
gvc: mixed,63.017473566196,2001,18-Electrical equipment,JPN,JPN,7556.21599167681,0.00833981898288904
gvc: mixed,350.20938500707,2020,"20-Motor vehicles, trailers and semi-trailers",JPN,JPN,35432.6904717398,0.00988379319618384
gvc: mixed,24.362672588643,2001,"20-Motor vehicles, trailers and semi-trailers",JPN,JPN,12011.6016851828,0.00202826177783569
gvc: mixed,0.0031026153246893,2020,"1-Agriculture, hunting, forestry",JPN,JPN,199.861647428477,1.55238154223641e-05
gvc: mixed,0.0005812120621948,2001,"1-Agriculture, hunting, forestry",JPN,JPN,176.579600452612,3.29150174032009e-06
gvc: mixed,0.4689845727331,2020,11-Chemical and chemical products,JPN,JPN,24407.1508541966,1.92150478986556e-05
gvc: mixed,0.084348843602029,2001,11-Chemical and chemical products,JPN,JPN,9568.5637466532,8.81520422869438e-06
gvc: mixed,0.0219547385644589,2020,18-Electrical equipment,JPN,JPN,13288.8445513204,1.65211794597127e-06
gvc: mixed,0.0123121393308457,2001,18-Electrical equipment,JPN,JPN,7556.21599167681,1.62940542520324e-06
gvc: mixed,0.18824038129401,2020,"20-Motor vehicles, trailers and semi-trailers",JPN,JPN,35432.6904717398,5.31261890609594e-06
gvc: mixed,0.25239257078935,2001,"20-Motor vehicles, trailers and semi-trailers",JPN,JPN,12011.6016851828,2.10123992956489e-05
gvc: mixed,0.0016693415286574,2020,"1-Agriculture, hunting, forestry",JPN,JPN,199.861647428477,8.35248558258179e-06
gvc: mixed,0.0004556027904175,2001,"1-Agriculture, hunting, forestry",JPN,JPN,176.579600452612,2.58015529115305e-06
gvc: mixed,0.3501504456559,2020,11-Chemical and chemical products,JPN,JPN,24407.1508541966,1.43462236845107e-05
gvc: mixed,0.01877590966157,2001,11-Chemical and chemical products,JPN,JPN,9568.5637466532,1.96224952445316e-06
gvc: mixed,0.162525733289481,2020,18-Electrical equipment,JPN,JPN,13288.8445513204,1.22302381265595e-05
gvc: mixed,0.0131894018244475,2001,18-Electrical equipment,JPN,JPN,7556.21599167681,1.74550354820133e-06
gvc: mixed,0.0632523353797596,2020,"20-Motor vehicles, trailers and semi-trailers",JPN,JPN,35432.6904717398,1.78514062967383e-06
gvc: mixed,0.120057502318783,2001,"20-Motor vehicles, trailers and semi-trailers",JPN,JPN,12011.6016851828,9.99512849871495e-06
gvc: mixed,0.0381622957484201,2020,"1-Agriculture, hunting, forestry",JPN,JPN,199.861647428477,0.000190943566409243
gvc: mixed,0.006646712694495,2001,"1-Agriculture, hunting, forestry",JPN,JPN,176.579600452612,3.76414527921573e-05
gvc: mixed,0.973372861178359,2020,11-Chemical and chemical products,JPN,JPN,24407.1508541966,3.98806426441617e-05
gvc: mixed,1.21009285050556,2001,11-Chemical and chemical products,JPN,JPN,9568.5637466532,0.000126465463631239
gvc: mixed,0.183872160272475,2020,18-Electrical equipment,JPN,JPN,13288.8445513204,1.38365799646747e-05
gvc: mixed,0.140653509015715,2001,18-Electrical equipment,JPN,JPN,7556.21599167681,1.86142785185926e-05
gvc: mixed,1.64570894446053,2020,"20-Motor vehicles, trailers and semi-trailers",JPN,JPN,35432.6904717398,4.64460621688636e-05
gvc: mixed,0.2711504545038,2001,"20-Motor vehicles, trailers and semi-trailers",JPN,JPN,12011.6016851828,2.25740464602888e-05
gvc: mixed,0.00042128261592,2020,"1-Agriculture, hunting, forestry",JPN,JPN,199.861647428477,2.10787122662321e-06
gvc: mixed,0.0089397655053751,2001,"1-Agriculture, hunting, forestry",JPN,JPN,176.579600452612,5.06273968366703e-05
gvc: mixed,0.38083055634031,2020,11-Chemical and chemical products,JPN,JPN,24407.1508541966,1.5603236879852e-05
gvc: mixed,0.236917708091303,2001,11-Chemical and chemical products,JPN,JPN,9568.5637466532,2.47600072867958e-05
gvc: mixed,0.061972216373383,2020,18-Electrical equipment,JPN,JPN,13288.8445513204,4.66347665773737e-06
gvc: mixed,0.041398601560335,2001,18-Electrical equipment,JPN,JPN,7556.21599167681,5.47874777612705e-06
gvc: mixed,1.64412451522499,2020,"20-Motor vehicles, trailers and semi-trailers",JPN,JPN,35432.6904717398,4.64013455748246e-05
gvc: mixed,0.366779153982599,2001,"20-Motor vehicles, trailers and semi-trailers",JPN,JPN,12011.6016851828,3.05354076496766e-05
gvc: mixed,5.83946530902e-05,2020,"1-Agriculture, hunting, forestry",JPN,JPN,199.861647428477,2.9217538152785e-07
gvc: mixed,0.0034517646354776,2001,"1-Agriculture, hunting, forestry",JPN,JPN,176.579600452612,1.95479241465603e-05
gvc: mixed,0.0251242442372336,2020,11-Chemical and chemical products,JPN,JPN,24407.1508541966,1.0293804626079e-06
gvc: mixed,0.145901616959186,2001,11-Chemical and chemical products,JPN,JPN,9568.5637466532,1.52480164026935e-05
gvc: mixed,0.0256513066254098,2020,18-Electrical equipment,JPN,JPN,13288.8445513204,1.93028871143362e-06
gvc: mixed,0.0839463444293019,2001,18-Electrical equipment,JPN,JPN,7556.21599167681,1.1109574490958e-05
gvc: mixed,0.369455736142279,2020,"20-Motor vehicles, trailers and semi-trailers",JPN,JPN,35432.6904717398,1.04269738262452e-05
gvc: mixed,1.21273220793383,2001,"20-Motor vehicles, trailers and semi-trailers",JPN,JPN,12011.6016851828,0.000100963405190985
gvc: mixed,0.0228500411200884,2020,"1-Agriculture, hunting, forestry",JPN,JPN,199.861647428477,0.000114329294359817
gvc: mixed,0.012515990295923,2001,"1-Agriculture, hunting, forestry",JPN,JPN,176.579600452612,7.08801597910617e-05
gvc: mixed,15.2612460164214,2020,11-Chemical and chemical products,JPN,JPN,24407.1508541966,0.000625277653569193
gvc: mixed,1.14769666903693,2001,11-Chemical and chemical products,JPN,JPN,9568.5637466532,0.000119944507809582
gvc: mixed,10.6341691212269,2020,18-Electrical equipment,JPN,JPN,13288.8445513204,0.000800232787746045
gvc: mixed,1.30808268716282,2001,18-Electrical equipment,JPN,JPN,7556.21599167681,0.000173113458985778
gvc: mixed,54.2043519117291,2020,"20-Motor vehicles, trailers and semi-trailers",JPN,JPN,35432.6904717398,0.0015297836881724
gvc: mixed,1.53169755785704,2001,"20-Motor vehicles, trailers and semi-trailers",JPN,JPN,12011.6016851828,0.00012751817767538
gvc: mixed,0.196620714343457,2020,"1-Agriculture, hunting, forestry",JPN,JPN,199.861647428477,0.000983784117029357
gvc: mixed,0.48373793925564,2001,"1-Agriculture, hunting, forestry",JPN,JPN,176.579600452612,0.00273948937485255
gvc: mixed,197.096698843655,2020,11-Chemical and chemical products,JPN,JPN,24407.1508541966,0.0080753669291869
gvc: mixed,52.0596296884969,2001,11-Chemical and chemical products,JPN,JPN,9568.5637466532,0.00544069424282258
gvc: mixed,43.902513293465,2020,18-Electrical equipment,JPN,JPN,13288.8445513204,0.0033037118557537
gvc: mixed,43.599263446891,2001,18-Electrical equipment,JPN,JPN,7556.21599167681,0.00576998639198717
gvc: mixed,126.131151515102,2020,"20-Motor vehicles, trailers and semi-trailers",JPN,JPN,35432.6904717398,0.0035597396030567
gvc: mixed,40.637743801535,2001,"20-Motor vehicles, trailers and semi-trailers",JPN,JPN,12011.6016851828,0.00338320774086812
gvc: mixed,0.373197153753635,2020,"1-Agriculture, hunting, forestry",JPN,JPN,199.861647428477,0.00186727748197506
gvc: mixed,0.0205872615224981,2001,"1-Agriculture, hunting, forestry",JPN,JPN,176.579600452612,0.0001165891273382
gvc: mixed,1.83092975070366,2020,11-Chemical and chemical products,JPN,JPN,24407.1508541966,7.50161197282413e-05
gvc: mixed,1.23669700009735,2001,11-Chemical and chemical products,JPN,JPN,9568.5637466532,0.000129245833841041
gvc: mixed,1.08546355356564,2020,18-Electrical equipment,JPN,JPN,13288.8445513204,8.1682312512098e-05
gvc: mixed,0.975390029237101,2001,18-Electrical equipment,JPN,JPN,7556.21599167681,0.000129084455805855
gvc: mixed,0.38789273118702,2020,"20-Motor vehicles, trailers and semi-trailers",JPN,JPN,35432.6904717398,1.09473123836417e-05
gvc: mixed,0.87638933922889,2001,"20-Motor vehicles, trailers and semi-trailers",JPN,JPN,12011.6016851828,7.29619048482087e-05
gvc: mixed,0.0006461259548096,2020,"1-Agriculture, hunting, forestry",JPN,JPN,199.861647428477,3.23286615077474e-06
gvc: mixed,0.0049297872775875,2001,"1-Agriculture, hunting, forestry",JPN,JPN,176.579600452612,2.79182151559488e-05
gvc: mixed,1.0988096551403,2020,11-Chemical and chemical products,JPN,JPN,24407.1508541966,4.50199886789067e-05
gvc: mixed,0.16975364717002,2001,11-Chemical and chemical products,JPN,JPN,9568.5637466532,1.77407656639582e-05
gvc: mixed,0.0366987486794496,2020,18-Electrical equipment,JPN,JPN,13288.8445513204,2.76162073668047e-06
gvc: mixed,0.0945276733382671,2001,18-Electrical equipment,JPN,JPN,7556.21599167681,1.25099220883031e-05
gvc: mixed,0.12904989779625,2020,"20-Motor vehicles, trailers and semi-trailers",JPN,JPN,35432.6904717398,3.64211399355002e-06
gvc: mixed,0.411405276512781,2001,"20-Motor vehicles, trailers and semi-trailers",JPN,JPN,12011.6016851828,3.42506592622265e-05
gvc: mixed,0.046693488765789,2020,"1-Agriculture, hunting, forestry",JPN,JPN,199.861647428477,0.000233629059734929
gvc: mixed,0.104316259231466,2001,"1-Agriculture, hunting, forestry",JPN,JPN,176.579600452612,0.000590760534988641
gvc: mixed,12.1026270654789,2020,11-Chemical and chemical products,JPN,JPN,24407.1508541966,0.00049586398419781
gvc: mixed,9.146433929171,2001,11-Chemical and chemical products,JPN,JPN,9568.5637466532,0.000955883680282754
gvc: mixed,4.0780734811041,2020,18-Electrical equipment,JPN,JPN,13288.8445513204,0.00030687946309816
gvc: mixed,4.5596302268065,2001,18-Electrical equipment,JPN,JPN,7556.21599167681,0.000603427725177383
gvc: mixed,78.353094194809,2020,"20-Motor vehicles, trailers and semi-trailers",JPN,JPN,35432.6904717398,0.00221132217598044
gvc: mixed,17.7458774634807,2001,"20-Motor vehicles, trailers and semi-trailers",JPN,JPN,12011.6016851828,0.00147739476620937
gvc: mixed,0.0006229366496671,2020,"1-Agriculture, hunting, forestry",JPN,JPN,199.861647428477,3.11683936203931e-06
gvc: mixed,0.0012048468605019,2001,"1-Agriculture, hunting, forestry",JPN,JPN,176.579600452612,6.82325057602131e-06
gvc: mixed,0.3274249573086,2020,11-Chemical and chemical products,JPN,JPN,24407.1508541966,1.34151240865667e-05
gvc: mixed,0.057351995221367,2001,11-Chemical and chemical products,JPN,JPN,9568.5637466532,5.99379350337997e-06
gvc: mixed,0.236327933826089,2020,18-Electrical equipment,JPN,JPN,13288.8445513204,1.77839339540327e-05
gvc: mixed,0.33670959739292,2001,18-Electrical equipment,JPN,JPN,7556.21599167681,4.4560610464789e-05
gvc: mixed,3.0442125609427,2020,"20-Motor vehicles, trailers and semi-trailers",JPN,JPN,35432.6904717398,8.59153657374871e-05
gvc: mixed,0.19580368620616,2001,"20-Motor vehicles, trailers and semi-trailers",JPN,JPN,12011.6016851828,1.63012137213723e-05
gvc: mixed,0.0012850298527676,2020,"1-Agriculture, hunting, forestry",JPN,JPN,199.861647428477,6.42959702024603e-06
gvc: mixed,0.0730289345703961,2001,"1-Agriculture, hunting, forestry",JPN,JPN,176.579600452612,0.00041357514901612
gvc: mixed,5.52588599903258,2020,11-Chemical and chemical products,JPN,JPN,24407.1508541966,0.000226404385831149
gvc: mixed,2.72364828494643,2001,11-Chemical and chemical products,JPN,JPN,9568.5637466532,0.000284645465825431
gvc: mixed,1.40801356641943,2020,18-Electrical equipment,JPN,JPN,13288.8445513204,0.00010595455165284
gvc: mixed,8.9478842150678,2001,18-Electrical equipment,JPN,JPN,7556.21599167681,0.00118417528362396
gvc: mixed,2.12604721164405,2020,"20-Motor vehicles, trailers and semi-trailers",JPN,JPN,35432.6904717398,6.0002421022466e-05
gvc: mixed,1.38355171527161,2001,"20-Motor vehicles, trailers and semi-trailers",JPN,JPN,12011.6016851828,0.000115184614969236
gvc: mixed,0.120164003863326,2020,"1-Agriculture, hunting, forestry",JPN,JPN,199.861647428477,0.000601235932003052
gvc: mixed,0.341760396435231,2001,"1-Agriculture, hunting, forestry",JPN,JPN,176.579600452612,0.00193544665159069
gvc: mixed,44.1841826330768,2020,11-Chemical and chemical products,JPN,JPN,24407.1508541966,0.00181029661745544
gvc: mixed,32.411091724431,2001,11-Chemical and chemical products,JPN,JPN,9568.5637466532,0.00338724730090944
gvc: mixed,19.8654995459271,2020,18-Electrical equipment,JPN,JPN,13288.8445513204,0.00149490043842475
gvc: mixed,18.3048866498658,2001,18-Electrical equipment,JPN,JPN,7556.21599167681,0.00242249383421923
gvc: mixed,28.387196856349,2020,"20-Motor vehicles, trailers and semi-trailers",JPN,JPN,35432.6904717398,0.000801158378841988
gvc: mixed,15.0273523994196,2001,"20-Motor vehicles, trailers and semi-trailers",JPN,JPN,12011.6016851828,0.0012510698234322
gvc: mixed,0.033483379567724,2020,"1-Agriculture, hunting, forestry",JPN,JPN,199.861647428477,0.000167532790800728
gvc: mixed,0.2353057982911,2001,"1-Agriculture, hunting, forestry",JPN,JPN,176.579600452612,0.00133257634340524
gvc: mixed,11.4773809203762,2020,11-Chemical and chemical products,JPN,JPN,24407.1508541966,0.000470246649801108
gvc: mixed,17.7785360511351,2001,11-Chemical and chemical products,JPN,JPN,9568.5637466532,0.00185801511301563
gvc: mixed,7.57919521156291,2020,18-Electrical equipment,JPN,JPN,13288.8445513204,0.00057034267970347
gvc: mixed,16.0861547427318,2001,18-Electrical equipment,JPN,JPN,7556.21599167681,0.00212886380702335
gvc: mixed,61.83534463592,2020,"20-Motor vehicles, trailers and semi-trailers",JPN,JPN,35432.6904717398,0.00174514957268735
gvc: mixed,20.949818213599,2001,"20-Motor vehicles, trailers and semi-trailers",JPN,JPN,12011.6016851828,0.00174413194532101
gvc: mixed,0.0012674373449567,2020,"1-Agriculture, hunting, forestry",JPN,JPN,199.861647428477,6.34157358985179e-06
gvc: mixed,0.0063769479085773,2001,"1-Agriculture, hunting, forestry",JPN,JPN,176.579600452612,3.61137294015378e-05
gvc: mixed,0.144115004833504,2020,11-Chemical and chemical products,JPN,JPN,24407.1508541966,5.90462220250196e-06
gvc: mixed,0.198827540315734,2001,11-Chemical and chemical products,JPN,JPN,9568.5637466532,2.07792460373458e-05
gvc: mixed,0.06458477850019,2020,18-Electrical equipment,JPN,JPN,13288.8445513204,4.86007479813382e-06
gvc: mixed,0.14499384814861,2001,18-Electrical equipment,JPN,JPN,7556.21599167681,1.91886849592867e-05
gvc: mixed,0.167948364461923,2020,"20-Motor vehicles, trailers and semi-trailers",JPN,JPN,35432.6904717398,4.73992694954604e-06
gvc: mixed,1.02471082218579,2001,"20-Motor vehicles, trailers and semi-trailers",JPN,JPN,12011.6016851828,8.53100901147798e-05
gvc: mixed,0.57242637055633,2020,"1-Agriculture, hunting, forestry",JPN,JPN,199.861647428477,0.00286411313987182
gvc: mixed,0.76963136820807,2001,"1-Agriculture, hunting, forestry",JPN,JPN,176.579600452612,0.00435855198582019
gvc: mixed,2.63999337322425,2020,11-Chemical and chemical products,JPN,JPN,24407.1508541966,0.000108164750117498
gvc: mixed,8.5733515105546,2001,11-Chemical and chemical products,JPN,JPN,9568.5637466532,0.000895991471400638
gvc: mixed,47.0229009229,2020,18-Electrical equipment,JPN,JPN,13288.8445513204,0.00353852441732625
gvc: mixed,4.8576438931873,2001,18-Electrical equipment,JPN,JPN,7556.21599167681,0.000642867262997512
gvc: mixed,3.21502473754549,2020,"20-Motor vehicles, trailers and semi-trailers",JPN,JPN,35432.6904717398,9.07361166973677e-05
gvc: mixed,1.32380518464114,2001,"20-Motor vehicles, trailers and semi-trailers",JPN,JPN,12011.6016851828,0.000110210546381517
gvc: mixed,3.82310607249e-05,2020,"1-Agriculture, hunting, forestry",JPN,JPN,199.861647428477,1.91287629301572e-07
gvc: mixed,0.0015152986391209,2001,"1-Agriculture, hunting, forestry",JPN,JPN,176.579600452612,8.58139125491764e-06
gvc: mixed,0.041196063326892,2020,11-Chemical and chemical products,JPN,JPN,24407.1508541966,1.68786859117596e-06
gvc: mixed,0.106068095640342,2001,11-Chemical and chemical products,JPN,JPN,9568.5637466532,1.10850592051959e-05
gvc: mixed,0.0041141507894054,2020,18-Electrical equipment,JPN,JPN,13288.8445513204,3.0959431977076e-07
gvc: mixed,0.0423496730401741,2001,18-Electrical equipment,JPN,JPN,7556.21599167681,5.60461388171306e-06
gvc: mixed,0.071091208699369,2020,"20-Motor vehicles, trailers and semi-trailers",JPN,JPN,35432.6904717398,2.00637342953309e-06
gvc: mixed,0.14854572876147,2001,"20-Motor vehicles, trailers and semi-trailers",JPN,JPN,12011.6016851828,1.2366854367533e-05
gvc: mixed,0.002419379138028,2020,"1-Agriculture, hunting, forestry",JPN,JPN,199.861647428477,1.21052696660764e-05
gvc: mixed,0.0733318102784941,2001,"1-Agriculture, hunting, forestry",JPN,JPN,176.579600452612,0.000415290385132419
gvc: mixed,4.45145952569013,2020,11-Chemical and chemical products,JPN,JPN,24407.1508541966,0.000182383415101675
gvc: mixed,2.07502563222293,2001,11-Chemical and chemical products,JPN,JPN,9568.5637466532,0.00021685863073742
gvc: mixed,17.9049661540185,2020,18-Electrical equipment,JPN,JPN,13288.8445513204,0.00134736816920922
gvc: mixed,9.60173854078114,2001,18-Electrical equipment,JPN,JPN,7556.21599167681,0.00127070726291539
gvc: mixed,43.5990601335979,2020,"20-Motor vehicles, trailers and semi-trailers",JPN,JPN,35432.6904717398,0.00123047557363366
gvc: mixed,5.7057442370842,2001,"20-Motor vehicles, trailers and semi-trailers",JPN,JPN,12011.6016851828,0.000475019434262682
gvc: mixed,0.121303124619514,2020,"1-Agriculture, hunting, forestry",JPN,JPN,199.861647428477,0.000606935478518577
gvc: mixed,0.171840094953129,2001,"1-Agriculture, hunting, forestry",JPN,JPN,176.579600452612,0.0009731593825825
gvc: mixed,54.292173212829,2020,11-Chemical and chemical products,JPN,JPN,24407.1508541966,0.00222443715520748
gvc: mixed,30.9435673736276,2001,11-Chemical and chemical products,JPN,JPN,9568.5637466532,0.00323387795628689
gvc: mixed,12.0061387603581,2020,18-Electrical equipment,JPN,JPN,13288.8445513204,0.000903474994683807
gvc: mixed,9.0147483609631,2001,18-Electrical equipment,JPN,JPN,7556.21599167681,0.00119302417650486
gvc: mixed,27.718228895631,2020,"20-Motor vehicles, trailers and semi-trailers",JPN,JPN,35432.6904717398,0.00078227841370777
gvc: mixed,15.168073132776,2001,"20-Motor vehicles, trailers and semi-trailers",JPN,JPN,12011.6016851828,0.00126278522467882
gvc: mixed,0.0557738170268259,2020,"1-Agriculture, hunting, forestry",JPN,JPN,199.861647428477,0.000279062129950596
gvc: mixed,0.0532292362408709,2001,"1-Agriculture, hunting, forestry",JPN,JPN,176.579600452612,0.000301446124605745
gvc: mixed,96.348589668399,2020,11-Chemical and chemical products,JPN,JPN,24407.1508541966,0.00394755578985708
gvc: mixed,8.5175914808622,2001,11-Chemical and chemical products,JPN,JPN,9568.5637466532,0.000890164052451592
gvc: mixed,8.2448680465057,2020,18-Electrical equipment,JPN,JPN,13288.8445513204,0.000620435284246477
gvc: mixed,4.525652728586,2001,18-Electrical equipment,JPN,JPN,7556.21599167681,0.000598931096407384
gvc: mixed,0.0714334061099177,2020,"20-Motor vehicles, trailers and semi-trailers",JPN,JPN,35432.6904717398,2.01603110457816e-06
gvc: mixed,0.720976179540529,2001,"20-Motor vehicles, trailers and semi-trailers",JPN,JPN,12011.6016851828,6.00233173257741e-05
gvc: mixed,0.0011609167340618,2020,"1-Agriculture, hunting, forestry",JPN,JPN,199.861647428477,5.80860184532026e-06
gvc: mixed,0.64346934552177,2001,"1-Agriculture, hunting, forestry",JPN,JPN,176.579600452612,0.00364407521521408
gvc: mixed,37.4412853525163,2020,11-Chemical and chemical products,JPN,JPN,24407.1508541966,0.00153402933329593
gvc: mixed,0.74629331674491,2001,11-Chemical and chemical products,JPN,JPN,9568.5637466532,7.79942880148488e-05
gvc: mixed,4.90568281637577,2020,18-Electrical equipment,JPN,JPN,13288.8445513204,0.000369157965346833
gvc: mixed,2.81182552384048,2001,18-Electrical equipment,JPN,JPN,7556.21599167681,0.00037212085082503
gvc: mixed,2.893615728885,2020,"20-Motor vehicles, trailers and semi-trailers",JPN,JPN,35432.6904717398,8.1665142848604e-05
gvc: mixed,1.5997811881471,2001,"20-Motor vehicles, trailers and semi-trailers",JPN,JPN,12011.6016851828,0.00013318633351958
gvc: mixed,0.0046502124550359,2020,"1-Agriculture, hunting, forestry",JPN,JPN,199.861647428477,2.32671576306306e-05
gvc: mixed,0.0030127803210743,2001,"1-Agriculture, hunting, forestry",JPN,JPN,176.579600452612,1.7061882082369e-05
gvc: mixed,0.049875890213881,2020,11-Chemical and chemical products,JPN,JPN,24407.1508541966,2.04349497865726e-06
gvc: mixed,0.035787040421286,2001,11-Chemical and chemical products,JPN,JPN,9568.5637466532,3.74006396036221e-06
gvc: mixed,0.33796734303766,2020,18-Electrical equipment,JPN,JPN,13288.8445513204,2.54324099986616e-05
gvc: mixed,0.0571113271374489,2001,18-Electrical equipment,JPN,JPN,7556.21599167681,7.558191454606e-06
gvc: mixed,2.18727230589259,2020,"20-Motor vehicles, trailers and semi-trailers",JPN,JPN,35432.6904717398,6.17303477882128e-05
gvc: mixed,0.485629123344311,2001,"20-Motor vehicles, trailers and semi-trailers",JPN,JPN,12011.6016851828,4.0430005595621e-05
gvc: mixed,0.039951356287481,2020,"1-Agriculture, hunting, forestry",JPN,JPN,199.861647428477,0.000199895061416313
gvc: mixed,0.023722772077063,2001,"1-Agriculture, hunting, forestry",JPN,JPN,176.579600452612,0.000134346051391306
gvc: mixed,4.82498093134108,2020,11-Chemical and chemical products,JPN,JPN,24407.1508541966,0.000197687184389712
gvc: mixed,1.5054343490078,2001,11-Chemical and chemical products,JPN,JPN,9568.5637466532,0.000157331276549666
gvc: mixed,2.17792766471112,2020,18-Electrical equipment,JPN,JPN,13288.8445513204,0.000163891424593023
gvc: mixed,0.51980471717394,2001,18-Electrical equipment,JPN,JPN,7556.21599167681,6.87916700298808e-05
gvc: mixed,2.81716208085091,2020,"20-Motor vehicles, trailers and semi-trailers",JPN,JPN,35432.6904717398,7.95074278397742e-05
gvc: mixed,1.41146187556671,2001,"20-Motor vehicles, trailers and semi-trailers",JPN,JPN,12011.6016851828,0.000117508215187309
gvc: mixed,0.083888787755882,2020,"1-Agriculture, hunting, forestry",JPN,JPN,199.861647428477,0.000419734295375017
gvc: mixed,0.165599566974345,2001,"1-Agriculture, hunting, forestry",JPN,JPN,176.579600452612,0.000937818222206172
gvc: mixed,24.8506036648891,2020,11-Chemical and chemical products,JPN,JPN,24407.1508541966,0.00101816897077998
gvc: mixed,19.3210628051057,2001,11-Chemical and chemical products,JPN,JPN,9568.5637466532,0.0020192228757282
gvc: mixed,5.3403855900433,2020,18-Electrical equipment,JPN,JPN,13288.8445513204,0.000401869821670288
gvc: mixed,5.68555324366181,2001,18-Electrical equipment,JPN,JPN,7556.21599167681,0.000752433923265886
gvc: mixed,35.479418378276,2020,"20-Motor vehicles, trailers and semi-trailers",JPN,JPN,35432.6904717398,0.0010013187795201
gvc: mixed,9.78986743660121,2001,"20-Motor vehicles, trailers and semi-trailers",JPN,JPN,12011.6016851828,0.000815034305431368
gvc: mixed,0.0009359859072424,2020,"1-Agriculture, hunting, forestry",JPN,JPN,199.861647428477,4.68316917870575e-06
gvc: mixed,0.0021930535902772,2001,"1-Agriculture, hunting, forestry",JPN,JPN,176.579600452612,1.24196316259405e-05
gvc: mixed,0.92548300923022,2020,11-Chemical and chemical products,JPN,JPN,24407.1508541966,3.79185188291279e-05
gvc: mixed,0.234793851307923,2001,11-Chemical and chemical products,JPN,JPN,9568.5637466532,2.45380453665314e-05
gvc: mixed,0.048533465905869,2020,18-Electrical equipment,JPN,JPN,13288.8445513204,3.65219607456743e-06
gvc: mixed,0.037431219691942,2001,18-Electrical equipment,JPN,JPN,7556.21599167681,4.95369901193568e-06
gvc: mixed,2.06732425434245,2020,"20-Motor vehicles, trailers and semi-trailers",JPN,JPN,35432.6904717398,5.83451108797762e-05
gvc: mixed,0.25274787634464,2001,"20-Motor vehicles, trailers and semi-trailers",JPN,JPN,12011.6016851828,2.10419794935777e-05
gvc: mixed,0,2020,"1-Agriculture, hunting, forestry",JPN,JPN,199.861647428477,0
gvc: mixed,0,2001,"1-Agriculture, hunting, forestry",JPN,JPN,176.579600452612,0
gvc: mixed,0,2020,11-Chemical and chemical products,JPN,JPN,24407.1508541966,0
gvc: mixed,0,2001,11-Chemical and chemical products,JPN,JPN,9568.5637466532,0
gvc: mixed,0,2020,18-Electrical equipment,JPN,JPN,13288.8445513204,0
gvc: mixed,0,2001,18-Electrical equipment,JPN,JPN,7556.21599167681,0
gvc: mixed,0,2020,"20-Motor vehicles, trailers and semi-trailers",JPN,JPN,35432.6904717398,0
gvc: mixed,0,2001,"20-Motor vehicles, trailers and semi-trailers",JPN,JPN,12011.6016851828,0
gvc: mixed,0.0008902764724861,2020,"1-Agriculture, hunting, forestry",JPN,JPN,199.861647428477,4.45446379503449e-06
gvc: mixed,0.0024458839311907,2001,"1-Agriculture, hunting, forestry",JPN,JPN,176.579600452612,1.38514524040227e-05
gvc: mixed,0.44833736871111,2020,11-Chemical and chemical products,JPN,JPN,24407.1508541966,1.83690989329065e-05
gvc: mixed,0.135090410843276,2001,11-Chemical and chemical products,JPN,JPN,9568.5637466532,1.41181492249061e-05
gvc: mixed,0.143280560476201,2020,18-Electrical equipment,JPN,JPN,13288.8445513204,1.07820179491802e-05
gvc: mixed,0.020414320627999,2001,18-Electrical equipment,JPN,JPN,7556.21599167681,2.70165922341095e-06
gvc: mixed,1.36011367247177,2020,"20-Motor vehicles, trailers and semi-trailers",JPN,JPN,35432.6904717398,3.83858424060843e-05
gvc: mixed,0.0894363618268019,2001,"20-Motor vehicles, trailers and semi-trailers",JPN,JPN,12011.6016851828,7.44583146951404e-06
gvc: mixed,0.0175758769691246,2020,"1-Agriculture, hunting, forestry",JPN,JPN,199.861647428477,8.79402186225565e-05
gvc: mixed,0.0049989203483346,2001,"1-Agriculture, hunting, forestry",JPN,JPN,176.579600452612,2.8309727372365e-05
gvc: mixed,0.385651924131742,2020,11-Chemical and chemical products,JPN,JPN,24407.1508541966,1.58007760281218e-05
gvc: mixed,0.062530854422966,2001,11-Chemical and chemical products,JPN,JPN,9568.5637466532,6.53503034296422e-06
gvc: mixed,0.45163607106302,2020,18-Electrical equipment,JPN,JPN,13288.8445513204,3.39861053621962e-05
gvc: mixed,0.19711220278154,2001,18-Electrical equipment,JPN,JPN,7556.21599167681,2.60860995766478e-05
gvc: mixed,2.10906376367358,2020,"20-Motor vehicles, trailers and semi-trailers",JPN,JPN,35432.6904717398,5.95231052340131e-05
gvc: mixed,0.50923676954788,2001,"20-Motor vehicles, trailers and semi-trailers",JPN,JPN,12011.6016851828,4.23954092796851e-05
gvc: mixed,0.703332137439571,2020,"1-Agriculture, hunting, forestry",JPN,JPN,199.861647428477,0.00351909506645724
gvc: mixed,1.154038984025,2001,"1-Agriculture, hunting, forestry",JPN,JPN,176.579600452612,0.00653551701933261
gvc: mixed,604.553873805666,2020,11-Chemical and chemical products,JPN,JPN,24407.1508541966,0.024769538952627
gvc: mixed,153.103720149524,2001,11-Chemical and chemical products,JPN,JPN,9568.5637466532,0.0160007002308027
gvc: mixed,116.998905042251,2020,18-Electrical equipment,JPN,JPN,13288.8445513204,0.00880429480459428
gvc: mixed,66.701068333993,2001,18-Electrical equipment,JPN,JPN,7556.21599167681,0.00882731097251115
gvc: mixed,51.66678094277,2020,"20-Motor vehicles, trailers and semi-trailers",JPN,JPN,35432.6904717398,0.00145816702753572
gvc: mixed,23.4117775786706,2001,"20-Motor vehicles, trailers and semi-trailers",JPN,JPN,12011.6016851828,0.00194909706401194
gvc: mixed,0.035557214916684,2020,"1-Agriculture, hunting, forestry",JPN,JPN,199.861647428477,0.000177909145522322
gvc: mixed,0.0006209238185124,2001,"1-Agriculture, hunting, forestry",JPN,JPN,176.579600452612,3.51639610080007e-06
gvc: mixed,0.127630676565462,2020,11-Chemical and chemical products,JPN,JPN,24407.1508541966,5.22923291325161e-06
gvc: mixed,0.031937790306866,2001,11-Chemical and chemical products,JPN,JPN,9568.5637466532,3.33778309393998e-06
gvc: mixed,0.0375279002453011,2020,18-Electrical equipment,JPN,JPN,13288.8445513204,2.82401529345698e-06
gvc: mixed,0.027969888302847,2001,18-Electrical equipment,JPN,JPN,7556.21599167681,3.70157342427161e-06
gvc: mixed,0.238243759628865,2020,"20-Motor vehicles, trailers and semi-trailers",JPN,JPN,35432.6904717398,6.72384051159994e-06
gvc: mixed,0.0122771353969125,2001,"20-Motor vehicles, trailers and semi-trailers",JPN,JPN,12011.6016851828,1.02210643665093e-06
gvc: mixed,0.0005302707900521,2020,"1-Agriculture, hunting, forestry",JPN,JPN,199.861647428477,2.65318932809189e-06
gvc: mixed,0.0009621336295424,2001,"1-Agriculture, hunting, forestry",JPN,JPN,176.579600452612,5.44872469456404e-06
gvc: mixed,0.952204766013104,2020,11-Chemical and chemical products,JPN,JPN,24407.1508541966,3.90133519353153e-05
gvc: mixed,0.094879464522403,2001,11-Chemical and chemical products,JPN,JPN,9568.5637466532,9.9157477584438e-06
gvc: mixed,0.035929468423113,2020,18-Electrical equipment,JPN,JPN,13288.8445513204,2.70373156103652e-06
gvc: mixed,0.033698867136,2001,18-Electrical equipment,JPN,JPN,7556.21599167681,4.4597543496797e-06
gvc: mixed,0.21583263976545,2020,"20-Motor vehicles, trailers and semi-trailers",JPN,JPN,35432.6904717398,6.0913421163316e-06
gvc: mixed,0.20779989083935,2001,"20-Motor vehicles, trailers and semi-trailers",JPN,JPN,12011.6016851828,1.72999318730063e-05
gvc: mixed,0.0048970508554525,2020,"1-Agriculture, hunting, forestry",JPN,JPN,199.861647428477,2.45022039919138e-05
gvc: mixed,0.0047710523489947,2001,"1-Agriculture, hunting, forestry",JPN,JPN,176.579600452612,2.70192725363827e-05
gvc: mixed,0.349238260060291,2020,11-Chemical and chemical products,JPN,JPN,24407.1508541966,1.43088499819815e-05
gvc: mixed,0.303139756611079,2001,11-Chemical and chemical products,JPN,JPN,9568.5637466532,3.16808002368285e-05
gvc: mixed,2.09819813307873,2020,18-Electrical equipment,JPN,JPN,13288.8445513204,0.00015789169065645
gvc: mixed,1.41232791096073,2001,18-Electrical equipment,JPN,JPN,7556.21599167681,0.000186909415045363
gvc: mixed,0.0546457568653529,2020,"20-Motor vehicles, trailers and semi-trailers",JPN,JPN,35432.6904717398,1.54224125060266e-06
gvc: mixed,0.0395397800937712,2001,"20-Motor vehicles, trailers and semi-trailers",JPN,JPN,12011.6016851828,3.29179913970561e-06
gvc: mixed,3.89655826587e-05,2020,"1-Agriculture, hunting, forestry",JPN,JPN,199.861647428477,1.94962781304223e-07
gvc: mixed,0.0001125522805601,2001,"1-Agriculture, hunting, forestry",JPN,JPN,176.579600452612,6.37402510095185e-07
gvc: mixed,0.118571138882252,2020,11-Chemical and chemical products,JPN,JPN,24407.1508541966,4.85804916725316e-06
gvc: mixed,0.0032186583185235,2001,11-Chemical and chemical products,JPN,JPN,9568.5637466532,3.36378416212077e-07
gvc: mixed,0.0055125791486525,2020,18-Electrical equipment,JPN,JPN,13288.8445513204,4.1482757416293e-07
gvc: mixed,0.0023442714852593,2001,18-Electrical equipment,JPN,JPN,7556.21599167681,3.10244107347053e-07
gvc: mixed,0.056318660567115,2020,"20-Motor vehicles, trailers and semi-trailers",JPN,JPN,35432.6904717398,1.58945481749497e-06
gvc: mixed,0.0010311311790464,2001,"20-Motor vehicles, trailers and semi-trailers",JPN,JPN,12011.6016851828,8.58446030822332e-08
gvc: mixed,0.0046352301175771,2020,"1-Agriculture, hunting, forestry",JPN,JPN,199.861647428477,2.3192194086341e-05
gvc: mixed,0.0024468147227965,2001,"1-Agriculture, hunting, forestry",JPN,JPN,176.579600452612,1.38567236335612e-05
gvc: mixed,1.04289570561029,2020,11-Chemical and chemical products,JPN,JPN,24407.1508541966,4.27291047546e-05
gvc: mixed,0.228760263482761,2001,11-Chemical and chemical products,JPN,JPN,9568.5637466532,2.39074817851085e-05
gvc: mixed,1.99870804834758,2020,18-Electrical equipment,JPN,JPN,13288.8445513204,0.000150404953615699
gvc: mixed,0.056619219744046,2001,18-Electrical equipment,JPN,JPN,7556.21599167681,7.49306528643599e-06
gvc: mixed,2.18915585359384,2020,"20-Motor vehicles, trailers and semi-trailers",JPN,JPN,35432.6904717398,6.17835062606904e-05
gvc: mixed,0.26123305622899,2001,"20-Motor vehicles, trailers and semi-trailers",JPN,JPN,12011.6016851828,2.17483948498926e-05
gvc: mixed,0.096418830997689,2020,"1-Agriculture, hunting, forestry",JPN,JPN,199.861647428477,0.000482427880677775
gvc: mixed,0.414829548057231,2001,"1-Agriculture, hunting, forestry",JPN,JPN,176.579600452612,0.00234924955653955
gvc: mixed,27.0483147250221,2020,11-Chemical and chemical products,JPN,JPN,24407.1508541966,0.00110821270727597
gvc: mixed,9.49803305084179,2001,11-Chemical and chemical products,JPN,JPN,9568.5637466532,0.000992628915093336
gvc: mixed,113.350077443556,2020,18-Electrical equipment,JPN,JPN,13288.8445513204,0.0085297165608197
gvc: mixed,74.1197654801844,2001,18-Electrical equipment,JPN,JPN,7556.21599167681,0.00980911153966847
gvc: mixed,359.906051583772,2020,"20-Motor vehicles, trailers and semi-trailers",JPN,JPN,35432.6904717398,0.0101574576130713
gvc: mixed,26.3939989521993,2001,"20-Motor vehicles, trailers and semi-trailers",JPN,JPN,12011.6016851828,0.00219737547447634
gvc: mixed,6.96769692119e-05,2020,"1-Agriculture, hunting, forestry",JPN,JPN,199.861647428477,3.48626012586205e-07
gvc: mixed,0.0010670424303169,2001,"1-Agriculture, hunting, forestry",JPN,JPN,176.579600452612,6.04284089205002e-06
gvc: mixed,0.0579032463432239,2020,11-Chemical and chemical products,JPN,JPN,24407.1508541966,2.37238859583104e-06
gvc: mixed,0.100896508385067,2001,11-Chemical and chemical products,JPN,JPN,9568.5637466532,1.05445823486683e-05
gvc: mixed,0.0172005547706956,2020,18-Electrical equipment,JPN,JPN,13288.8445513204,1.29436044678441e-06
gvc: mixed,0.0322543199272955,2001,18-Electrical equipment,JPN,JPN,7556.21599167681,4.26858098852967e-06
gvc: mixed,0.43685580442307,2020,"20-Motor vehicles, trailers and semi-trailers",JPN,JPN,35432.6904717398,1.23291739522714e-05
gvc: mixed,0.0276338620023711,2001,"20-Motor vehicles, trailers and semi-trailers",JPN,JPN,12011.6016851828,2.30059759944084e-06
gvc: mixed,0.004091600886533,2020,"1-Agriculture, hunting, forestry",JPN,JPN,199.861647428477,2.0472166316938e-05
gvc: mixed,0.00637712686881,2001,"1-Agriculture, hunting, forestry",JPN,JPN,176.579600452612,3.61147428834589e-05
gvc: mixed,0.42206849298562,2020,11-Chemical and chemical products,JPN,JPN,24407.1508541966,1.72928210878432e-05
gvc: mixed,0.094543593807276,2001,11-Chemical and chemical products,JPN,JPN,9568.5637466532,9.88064628198193e-06
gvc: mixed,0.33654959166102,2020,18-Electrical equipment,JPN,JPN,13288.8445513204,2.53257226662028e-05
gvc: mixed,0.145897508027793,2001,18-Electrical equipment,JPN,JPN,7556.21599167681,1.93082765485396e-05
gvc: mixed,0.45116227573717,2020,"20-Motor vehicles, trailers and semi-trailers",JPN,JPN,35432.6904717398,1.27329386995607e-05
gvc: mixed,0.628013269570361,2001,"20-Motor vehicles, trailers and semi-trailers",JPN,JPN,12011.6016851828,5.22838906941996e-05
gvc: mixed,0.259532716498432,2020,"1-Agriculture, hunting, forestry",JPN,JPN,199.861647428477,0.00129856187936862
gvc: mixed,0.796277258485305,2001,"1-Agriculture, hunting, forestry",JPN,JPN,176.579600452612,0.00450945214761089
gvc: mixed,87.4381892598063,2020,11-Chemical and chemical products,JPN,JPN,24407.1508541966,0.00358248243648529
gvc: mixed,64.4546999955455,2001,11-Chemical and chemical products,JPN,JPN,9568.5637466532,0.00673608931309987
gvc: mixed,32.6738695689995,2020,18-Electrical equipment,JPN,JPN,13288.8445513204,0.00245874420780647
gvc: mixed,49.9725437118099,2001,18-Electrical equipment,JPN,JPN,7556.21599167681,0.00661343505358433
gvc: mixed,34.790774300821,2020,"20-Motor vehicles, trailers and semi-trailers",JPN,JPN,35432.6904717398,0.000981883504685292
gvc: mixed,26.6702904235827,2001,"20-Motor vehicles, trailers and semi-trailers",JPN,JPN,12011.6016851828,0.00222037752521235
gvc: mixed,4.442168867e-06,2020,"1-Agriculture, hunting, forestry",JPN,JPN,199.861647428477,2.22262196081901e-08
gvc: mixed,0.0069069536798427,2001,"1-Agriculture, hunting, forestry",JPN,JPN,176.579600452612,3.91152412970618e-05
gvc: mixed,0.643859257401149,2020,11-Chemical and chemical products,JPN,JPN,24407.1508541966,2.6379943371819e-05
gvc: mixed,0.236533665279583,2001,11-Chemical and chemical products,JPN,JPN,9568.5637466532,2.47198713978695e-05
gvc: mixed,0.0013983512082707,2020,18-Electrical equipment,JPN,JPN,13288.8445513204,1.05227448697318e-07
gvc: mixed,0.0372781434048913,2001,18-Electrical equipment,JPN,JPN,7556.21599167681,4.93344068591386e-06
gvc: mixed,0.0904943930221939,2020,"20-Motor vehicles, trailers and semi-trailers",JPN,JPN,35432.6904717398,2.55398028818528e-06
gvc: mixed,0.231722812916982,2001,"20-Motor vehicles, trailers and semi-trailers",JPN,JPN,12011.6016851828,1.9291583170197e-05
gvc: mixed,0.981856124167535,2020,"1-Agriculture, hunting, forestry",JPN,JPN,199.861647428477,0.00491267902972181
gvc: mixed,0.596156577818761,2001,"1-Agriculture, hunting, forestry",JPN,JPN,176.579600452612,0.00337613504782364
gvc: mixed,49.5065776700047,2020,11-Chemical and chemical products,JPN,JPN,24407.1508541966,0.00202836365316653
gvc: mixed,15.7159932206352,2001,11-Chemical and chemical products,JPN,JPN,9568.5637466532,0.00164246104606161
gvc: mixed,6.6572957734722,2020,18-Electrical equipment,JPN,JPN,13288.8445513204,0.000500968744706306
gvc: mixed,9.656290664002,2001,18-Electrical equipment,JPN,JPN,7556.21599167681,0.00127792676580956
gvc: mixed,6.19761964079409,2020,"20-Motor vehicles, trailers and semi-trailers",JPN,JPN,35432.6904717398,0.00017491247653737
gvc: mixed,4.33774187225981,2001,"20-Motor vehicles, trailers and semi-trailers",JPN,JPN,12011.6016851828,0.000361129346938863
gvc: mixed,0.0103674103048511,2020,"1-Agriculture, hunting, forestry",JPN,JPN,199.861647428477,5.18729352942074e-05
gvc: mixed,0.0293008786659602,2001,"1-Agriculture, hunting, forestry",JPN,JPN,176.579600452612,0.000165935807935093
gvc: mixed,1.9357138412198,2020,11-Chemical and chemical products,JPN,JPN,24407.1508541966,7.93092914770497e-05
gvc: mixed,1.17338801561969,2001,11-Chemical and chemical products,JPN,JPN,9568.5637466532,0.000122629481987838
gvc: mixed,0.66523855839743,2020,18-Electrical equipment,JPN,JPN,13288.8445513204,5.00599247608275e-05
gvc: mixed,0.99105113964896,2001,18-Electrical equipment,JPN,JPN,7556.21599167681,0.00013115706866249
gvc: mixed,3.1353742544031,2020,"20-Motor vehicles, trailers and semi-trailers",JPN,JPN,35432.6904717398,8.84881789291105e-05
gvc: mixed,1.19744474788249,2001,"20-Motor vehicles, trailers and semi-trailers",JPN,JPN,12011.6016851828,9.96906806658125e-05
gvc: mixed,0.11224500046551,2020,"1-Agriculture, hunting, forestry",JPN,JPN,199.861647428477,0.000561613505691124
gvc: mixed,0.135478111589221,2001,"1-Agriculture, hunting, forestry",JPN,JPN,176.579600452612,0.000767235350187455
gvc: mixed,3.78706556162042,2020,11-Chemical and chemical products,JPN,JPN,24407.1508541966,0.000155162131960571
gvc: mixed,2.8663841554583,2001,11-Chemical and chemical products,JPN,JPN,9568.5637466532,0.000299562633572973
gvc: mixed,0.690534683306389,2020,18-Electrical equipment,JPN,JPN,13288.8445513204,5.19634856619478e-05
gvc: mixed,0.63314013223293,2001,18-Electrical equipment,JPN,JPN,7556.21599167681,8.37906344829654e-05
gvc: mixed,14.7928839286718,2020,"20-Motor vehicles, trailers and semi-trailers",JPN,JPN,35432.6904717398,0.000417492539565129
gvc: mixed,3.4092656991516,2001,"20-Motor vehicles, trailers and semi-trailers",JPN,JPN,12011.6016851828,0.000283831065040825
gvc: mixed,0.0026705874386682,2020,"1-Agriculture, hunting, forestry",JPN,JPN,199.861647428477,1.33621806536139e-05
gvc: mixed,0.0108009191921541,2001,"1-Agriculture, hunting, forestry",JPN,JPN,176.579600452612,6.11674234422831e-05
gvc: mixed,2.04920042167023,2020,11-Chemical and chemical products,JPN,JPN,24407.1508541966,8.39590181546277e-05
gvc: mixed,3.121948976759,2001,11-Chemical and chemical products,JPN,JPN,9568.5637466532,0.000326271430009647
gvc: mixed,0.074646305334762,2020,18-Electrical equipment,JPN,JPN,13288.8445513204,5.6172156312375e-06
gvc: mixed,0.17696217748422,2001,18-Electrical equipment,JPN,JPN,7556.21599167681,2.34194175602106e-05
gvc: mixed,0.885911469534517,2020,"20-Motor vehicles, trailers and semi-trailers",JPN,JPN,35432.6904717398,2.50026587803457e-05
gvc: mixed,0.116060555849398,2001,"20-Motor vehicles, trailers and semi-trailers",JPN,JPN,12011.6016851828,9.66237133825104e-06
gvc: mixed,0.0094067536577478,2020,"1-Agriculture, hunting, forestry",JPN,JPN,199.861647428477,4.70663270256196e-05
gvc: mixed,0.0027726926317908,2001,"1-Agriculture, hunting, forestry",JPN,JPN,176.579600452612,1.57022250853653e-05
gvc: mixed,0.65540455930695,2020,11-Chemical and chemical products,JPN,JPN,24407.1508541966,2.68529728530055e-05
gvc: mixed,0.172545558302116,2001,11-Chemical and chemical products,JPN,JPN,9568.5637466532,1.80325452043383e-05
gvc: mixed,0.044803626827963,2020,18-Electrical equipment,JPN,JPN,13288.8445513204,3.37152162890726e-06
gvc: mixed,0.0406576865222121,2001,18-Electrical equipment,JPN,JPN,7556.21599167681,5.38069406260973e-06
gvc: mixed,1.32164361026741,2020,"20-Motor vehicles, trailers and semi-trailers",JPN,JPN,35432.6904717398,3.73001201057966e-05
gvc: mixed,0.429944549333819,2001,"20-Motor vehicles, trailers and semi-trailers",JPN,JPN,12011.6016851828,3.57941064482839e-05
gvc: mixed,0.26731478513411,2020,"1-Agriculture, hunting, forestry",JPN,JPN,199.861647428477,0.00133749915791008
gvc: mixed,0.175165766747962,2001,"1-Agriculture, hunting, forestry",JPN,JPN,176.579600452612,0.000991993221748001
gvc: mixed,33.062210625645,2020,11-Chemical and chemical products,JPN,JPN,24407.1508541966,0.00135461163915248
gvc: mixed,9.6864274615233,2001,11-Chemical and chemical products,JPN,JPN,9568.5637466532,0.00101231780630728
gvc: mixed,61.702575534425,2020,18-Electrical equipment,JPN,JPN,13288.8445513204,0.00464318589145467
gvc: mixed,18.7150364793702,2001,18-Electrical equipment,JPN,JPN,7556.21599167681,0.00247677362584458
gvc: mixed,7.9109837816475,2020,"20-Motor vehicles, trailers and semi-trailers",JPN,JPN,35432.6904717398,0.000223267939191835
gvc: mixed,6.09688021029551,2001,"20-Motor vehicles, trailers and semi-trailers",JPN,JPN,12011.6016851828,0.000507582616381333
gvc: mixed,0.0116096892703861,2020,"1-Agriculture, hunting, forestry",JPN,JPN,199.861647428477,5.80886299085509e-05
gvc: mixed,0.0176409519159659,2001,"1-Agriculture, hunting, forestry",JPN,JPN,176.579600452612,9.99036801009191e-05
gvc: mixed,53.4490531816537,2020,11-Chemical and chemical products,JPN,JPN,24407.1508541966,0.002189893179296
gvc: mixed,1.77768949936779,2001,11-Chemical and chemical products,JPN,JPN,9568.5637466532,0.000185784360791825
gvc: mixed,11.9076060587688,2020,18-Electrical equipment,JPN,JPN,13288.8445513204,0.000896060301765339
gvc: mixed,1.68852499759227,2001,18-Electrical equipment,JPN,JPN,7556.21599167681,0.00022346171674449
gvc: mixed,80.4317903609419,2020,"20-Motor vehicles, trailers and semi-trailers",JPN,JPN,35432.6904717398,0.00226998823092738
gvc: mixed,2.3409498542224,2001,"20-Motor vehicles, trailers and semi-trailers",JPN,JPN,12011.6016851828,0.000194890732774642
gvc: mixed,0.0053076547420049,2020,"1-Agriculture, hunting, forestry",JPN,JPN,199.861647428477,2.65566446103888e-05
gvc: mixed,0.0100216634957911,2001,"1-Agriculture, hunting, forestry",JPN,JPN,176.579600452612,5.67543672661132e-05
gvc: mixed,2.09406363420987,2020,11-Chemical and chemical products,JPN,JPN,24407.1508541966,8.57971357131926e-05
gvc: mixed,0.70802884338286,2001,11-Chemical and chemical products,JPN,JPN,9568.5637466532,7.39953102815987e-05
gvc: mixed,0.96891524212601,2020,18-Electrical equipment,JPN,JPN,13288.8445513204,7.29119253659823e-05
gvc: mixed,0.740550074458279,2001,18-Electrical equipment,JPN,JPN,7556.21599167681,9.80054137248058e-05
gvc: mixed,6.4381829769144,2020,"20-Motor vehicles, trailers and semi-trailers",JPN,JPN,35432.6904717398,0.00018170178135497
gvc: mixed,3.0669918392787,2001,"20-Motor vehicles, trailers and semi-trailers",JPN,JPN,12011.6016851828,0.000255335792816212
gvc: mixed,0.0002701813862476,2020,"1-Agriculture, hunting, forestry",JPN,JPN,199.861647428477,1.35184208538203e-06
gvc: mixed,0.0015902111696153,2001,"1-Agriculture, hunting, forestry",JPN,JPN,176.579600452612,9.00563352470635e-06
gvc: mixed,1.37060550980343,2020,11-Chemical and chemical products,JPN,JPN,24407.1508541966,5.61558994735253e-05
gvc: mixed,0.073396682373615,2001,11-Chemical and chemical products,JPN,JPN,9568.5637466532,7.67060598820664e-06
gvc: mixed,0.51915034023926,2020,18-Electrical equipment,JPN,JPN,13288.8445513204,3.90666275186188e-05
gvc: mixed,0.118931186535948,2001,18-Electrical equipment,JPN,JPN,7556.21599167681,1.57395165340629e-05
gvc: mixed,6.4301945086371,2020,"20-Motor vehicles, trailers and semi-trailers",JPN,JPN,35432.6904717398,0.000181476326607647
gvc: mixed,0.01836788166138,2001,"20-Motor vehicles, trailers and semi-trailers",JPN,JPN,12011.6016851828,1.5291783845978e-06
gvc: mixed,0.0166778083188315,2020,"1-Agriculture, hunting, forestry",JPN,JPN,199.861647428477,8.3446766968134e-05
gvc: mixed,0.020470652303348,2001,"1-Agriculture, hunting, forestry",JPN,JPN,176.579600452612,0.000115928749701988
gvc: mixed,16.4123596975725,2020,11-Chemical and chemical products,JPN,JPN,24407.1508541966,0.000672440621833192
gvc: mixed,1.42970352189465,2001,11-Chemical and chemical products,JPN,JPN,9568.5637466532,0.00014941673167979
gvc: mixed,5.7051449338936,2020,18-Electrical equipment,JPN,JPN,13288.8445513204,0.000429318358858125
gvc: mixed,1.05901129520693,2001,18-Electrical equipment,JPN,JPN,7556.21599167681,0.000140151008967112
gvc: mixed,79.291642320114,2020,"20-Motor vehicles, trailers and semi-trailers",JPN,JPN,35432.6904717398,0.00223781037410509
gvc: mixed,4.4800282056604,2001,"20-Motor vehicles, trailers and semi-trailers",JPN,JPN,12011.6016851828,0.000372975088841553
gvc: mixed,0.041109476260811,2020,"1-Agriculture, hunting, forestry",JPN,JPN,199.861647428477,0.000205689669777802
gvc: mixed,0.038844350808885,2001,"1-Agriculture, hunting, forestry",JPN,JPN,176.579600452612,0.000219982097078702
gvc: mixed,9.0520437394448,2020,11-Chemical and chemical products,JPN,JPN,24407.1508541966,0.000370876707138817
gvc: mixed,0.900300883583159,2001,11-Chemical and chemical products,JPN,JPN,9568.5637466532,9.4089448262082e-05
gvc: mixed,0.46970526901909,2020,18-Electrical equipment,JPN,JPN,13288.8445513204,3.53458321530611e-05
gvc: mixed,0.15436417635019,2001,18-Electrical equipment,JPN,JPN,7556.21599167681,2.04287670601559e-05
gvc: mixed,1.60492551906651,2020,"20-Motor vehicles, trailers and semi-trailers",JPN,JPN,35432.6904717398,4.52950509176422e-05
gvc: mixed,1.78931490905779,2001,"20-Motor vehicles, trailers and semi-trailers",JPN,JPN,12011.6016851828,0.000148965554798994
gvc: mixed,1.01643953671e-19,2020,"1-Agriculture, hunting, forestry",JPN,JPN,199.861647428477,5.08571579283987e-22
gvc: mixed,0.000261560156986,2001,"1-Agriculture, hunting, forestry",JPN,JPN,176.579600452612,1.48125919594089e-06
gvc: mixed,0.0242947756985585,2020,11-Chemical and chemical products,JPN,JPN,24407.1508541966,9.95395810174264e-07
gvc: mixed,0.020169861414702,2001,11-Chemical and chemical products,JPN,JPN,9568.5637466532,2.10792987837457e-06
gvc: mixed,0.0041788657106863,2020,18-Electrical equipment,JPN,JPN,13288.8445513204,3.14464187954632e-07
gvc: mixed,0.0047734726998678,2001,18-Electrical equipment,JPN,JPN,7556.21599167681,6.31727931695678e-07
gvc: mixed,0.42975212395322,2020,"20-Motor vehicles, trailers and semi-trailers",JPN,JPN,35432.6904717398,1.21286901511467e-05
gvc: mixed,0.048002477296927,2001,"20-Motor vehicles, trailers and semi-trailers",JPN,JPN,12011.6016851828,3.99634274887267e-06
gvc: mixed,0.87865395540849,2020,"1-Agriculture, hunting, forestry",JPN,JPN,199.861647428477,0.0043963109816901
gvc: mixed,0.315356876664805,2001,"1-Agriculture, hunting, forestry",JPN,JPN,176.579600452612,0.00178591907477691
gvc: mixed,12.1250304565514,2020,11-Chemical and chemical products,JPN,JPN,24407.1508541966,0.000496781886955339
gvc: mixed,29.9640907102299,2001,11-Chemical and chemical products,JPN,JPN,9568.5637466532,0.00313151393496338
gvc: mixed,21.2267198160959,2020,18-Electrical equipment,JPN,JPN,13288.8445513204,0.00159733374366147
gvc: mixed,15.9562878577709,2001,18-Electrical equipment,JPN,JPN,7556.21599167681,0.0021116770451436
gvc: mixed,1.18672758953801,2020,"20-Motor vehicles, trailers and semi-trailers",JPN,JPN,35432.6904717398,3.34924493098969e-05
gvc: mixed,6.1801224194381,2001,"20-Motor vehicles, trailers and semi-trailers",JPN,JPN,12011.6016851828,0.00051451276702438
gvc: mixed,0.0060666763155656,2020,"1-Agriculture, hunting, forestry",JPN,JPN,199.861647428477,3.03543796102083e-05
gvc: mixed,0.0057323356012719,2001,"1-Agriculture, hunting, forestry",JPN,JPN,176.579600452612,3.24631814013548e-05
gvc: mixed,1.4950230897789,2020,11-Chemical and chemical products,JPN,JPN,24407.1508541966,6.12534866814184e-05
gvc: mixed,0.285853027764229,2001,11-Chemical and chemical products,JPN,JPN,9568.5637466532,2.98741833500573e-05
gvc: mixed,1.61774178952524,2020,18-Electrical equipment,JPN,JPN,13288.8445513204,0.000121736828456203
gvc: mixed,0.95211921389209,2001,18-Electrical equipment,JPN,JPN,7556.21599167681,0.000126004764149258
gvc: mixed,24.5423444077207,2020,"20-Motor vehicles, trailers and semi-trailers",JPN,JPN,35432.6904717398,0.00069264693369235
gvc: mixed,0.92395404790465,2001,"20-Motor vehicles, trailers and semi-trailers",JPN,JPN,12011.6016851828,7.69218021144022e-05
gvc: mixed,0.0013137331291563,2020,"1-Agriculture, hunting, forestry",JPN,JPN,199.861647428477,6.57321275021729e-06
gvc: mixed,0.0029071280970411,2001,"1-Agriculture, hunting, forestry",JPN,JPN,176.579600452612,1.64635557538328e-05
gvc: mixed,1.38756790160266,2020,11-Chemical and chemical products,JPN,JPN,24407.1508541966,5.68508757901203e-05
gvc: mixed,0.558709762515656,2001,11-Chemical and chemical products,JPN,JPN,9568.5637466532,5.83901385107118e-05
gvc: mixed,0.321646310722952,2020,18-Electrical equipment,JPN,JPN,13288.8445513204,2.42042345728992e-05
gvc: mixed,0.332883075223931,2001,18-Electrical equipment,JPN,JPN,7556.21599167681,4.40542032666353e-05
gvc: mixed,1.48161244811005,2020,"20-Motor vehicles, trailers and semi-trailers",JPN,JPN,35432.6904717398,4.18148446641879e-05
gvc: mixed,0.25560836190293,2001,"20-Motor vehicles, trailers and semi-trailers",JPN,JPN,12011.6016851828,2.12801230512199e-05
gvc: mixed,0.0263552441281299,2020,"1-Agriculture, hunting, forestry",JPN,JPN,199.861647428477,0.000131867441638904
gvc: mixed,0.051066108482551,2001,"1-Agriculture, hunting, forestry",JPN,JPN,176.579600452612,0.000289195968003423
gvc: mixed,2.9496228949048,2020,11-Chemical and chemical products,JPN,JPN,24407.1508541966,0.000120850766749681
gvc: mixed,8.18576537630248,2001,11-Chemical and chemical products,JPN,JPN,9568.5637466532,0.000855485273760717
gvc: mixed,1.53796669586505,2020,18-Electrical equipment,JPN,JPN,13288.8445513204,0.000115733665927505
gvc: mixed,5.29888225485671,2001,18-Electrical equipment,JPN,JPN,7556.21599167681,0.000701261353658159
gvc: mixed,15.838923733703,2020,"20-Motor vehicles, trailers and semi-trailers",JPN,JPN,35432.6904717398,0.000447014424330428
gvc: mixed,8.0442910779814,2001,"20-Motor vehicles, trailers and semi-trailers",JPN,JPN,12011.6016851828,0.000669710109344088
gvc: mixed,0.58165428734284,2020,"1-Agriculture, hunting, forestry",JPN,JPN,199.861647428477,0.00291028466354953
gvc: mixed,0.976411122573861,2001,"1-Agriculture, hunting, forestry",JPN,JPN,176.579600452612,0.00552958054085016
gvc: mixed,216.139520832791,2020,11-Chemical and chemical products,JPN,JPN,24407.1508541966,0.00885558179748078
gvc: mixed,71.4312892645566,2001,11-Chemical and chemical products,JPN,JPN,9568.5637466532,0.00746520493104738
gvc: mixed,107.275372020184,2020,18-Electrical equipment,JPN,JPN,13288.8445513204,0.00807258837334547
gvc: mixed,45.8150459012012,2001,18-Electrical equipment,JPN,JPN,7556.21599167681,0.00606322608454636
gvc: mixed,155.105683315527,2020,"20-Motor vehicles, trailers and semi-trailers",JPN,JPN,35432.6904717398,0.00437747405716298
gvc: mixed,34.8685161391221,2001,"20-Motor vehicles, trailers and semi-trailers",JPN,JPN,12011.6016851828,0.00290290313090677
gvc: mixed,0.0212962064262563,2020,"1-Agriculture, hunting, forestry",JPN,JPN,199.861647428477,0.000106554742744615
gvc: mixed,0.0025406360884778,2001,"1-Agriculture, hunting, forestry",JPN,JPN,176.579600452612,1.43880498198296e-05
gvc: mixed,3.0840199881304,2020,11-Chemical and chemical products,JPN,JPN,24407.1508541966,0.000126357230573684
gvc: mixed,0.262176324399726,2001,11-Chemical and chemical products,JPN,JPN,9568.5637466532,2.73997573033286e-05
gvc: mixed,0.310797660889875,2020,18-Electrical equipment,JPN,JPN,13288.8445513204,2.3387861878405e-05
gvc: mixed,0.073030716937991,2001,18-Electrical equipment,JPN,JPN,7556.21599167681,9.66498536019014e-06
gvc: mixed,5.863429907997,2020,"20-Motor vehicles, trailers and semi-trailers",JPN,JPN,35432.6904717398,0.000165480798379494
gvc: mixed,0.567438910413481,2001,"20-Motor vehicles, trailers and semi-trailers",JPN,JPN,12011.6016851828,4.72409030274005e-05
gvc: mixed,0.02974548801027,2020,"1-Agriculture, hunting, forestry",JPN,JPN,199.861647428477,0.000148830395390965
gvc: mixed,0.020704273386903,2001,"1-Agriculture, hunting, forestry",JPN,JPN,176.579600452612,0.000117251785222265
gvc: mixed,13.0644160303703,2020,11-Chemical and chemical products,JPN,JPN,24407.1508541966,0.000535270016087273
gvc: mixed,1.99769322894684,2001,11-Chemical and chemical products,JPN,JPN,9568.5637466532,0.000208776706916498
gvc: mixed,11.7180421807527,2020,18-Electrical equipment,JPN,JPN,13288.8445513204,0.000881795413852473
gvc: mixed,1.20231599854071,2001,18-Electrical equipment,JPN,JPN,7556.21599167681,0.000159116150182189
gvc: mixed,29.827620275727,2020,"20-Motor vehicles, trailers and semi-trailers",JPN,JPN,35432.6904717398,0.000841810765104523
gvc: mixed,1.72838696796728,2001,"20-Motor vehicles, trailers and semi-trailers",JPN,JPN,12011.6016851828,0.000143893130430672
gvc: mixed,2.61805591272606,2020,"1-Agriculture, hunting, forestry",JPN,JPN,199.861647428477,0.0130993412013326
gvc: mixed,1.71275777839775,2001,"1-Agriculture, hunting, forestry",JPN,JPN,176.579600452612,0.00969963559781297
gvc: mixed,987.30430138853,2020,11-Chemical and chemical products,JPN,JPN,24407.1508541966,0.0404514360273547
gvc: mixed,361.061592045377,2001,11-Chemical and chemical products,JPN,JPN,9568.5637466532,0.0377341471097651
gvc: mixed,97.485818305609,2020,18-Electrical equipment,JPN,JPN,13288.8445513204,0.00733591381320831
gvc: mixed,74.5509100876361,2001,18-Electrical equipment,JPN,JPN,7556.21599167681,0.00986616980903591
gvc: mixed,88.9737596694001,2020,"20-Motor vehicles, trailers and semi-trailers",JPN,JPN,35432.6904717398,0.00251106417505505
gvc: mixed,25.882161525397,2001,"20-Motor vehicles, trailers and semi-trailers",JPN,JPN,12011.6016851828,0.00215476355308423
gvc: mixed,0.0076199984100264,2020,"1-Agriculture, hunting, forestry",JPN,JPN,199.861647428477,3.81263664543409e-05
gvc: mixed,0.0013919903575141,2001,"1-Agriculture, hunting, forestry",JPN,JPN,176.579600452612,7.8830757003987e-06
gvc: mixed,1.37869791700833,2020,11-Chemical and chemical products,JPN,JPN,24407.1508541966,5.64874583372879e-05
gvc: mixed,0.0182294045747863,2001,11-Chemical and chemical products,JPN,JPN,9568.5637466532,1.90513488308655e-06
gvc: mixed,0.121942829177303,2020,18-Electrical equipment,JPN,JPN,13288.8445513204,9.17633047074712e-06
gvc: mixed,0.0171240135997991,2001,18-Electrical equipment,JPN,JPN,7556.21599167681,2.26621547328203e-06
gvc: mixed,17.9992750847036,2020,"20-Motor vehicles, trailers and semi-trailers",JPN,JPN,35432.6904717398,0.000507984994790597
gvc: mixed,0.0656991256297489,2001,"20-Motor vehicles, trailers and semi-trailers",JPN,JPN,12011.6016851828,5.46963904995232e-06
gvc: mixed,1.81866149804032,2020,"1-Agriculture, hunting, forestry",JPN,JPN,199.861647428477,0.0090996022570621
gvc: mixed,1.4808925176366,2001,"1-Agriculture, hunting, forestry",JPN,JPN,176.579600452612,0.00838654359756589
gvc: mixed,170.87309195585,2020,11-Chemical and chemical products,JPN,JPN,24407.1508541966,0.00700094382079299
gvc: mixed,127.493397637393,2001,11-Chemical and chemical products,JPN,JPN,9568.5637466532,0.0133241937884342
gvc: mixed,67.5868135808641,2020,18-Electrical equipment,JPN,JPN,13288.8445513204,0.00508598120174028
gvc: mixed,62.4813876458819,2001,18-Electrical equipment,JPN,JPN,7556.21599167681,0.00826887263607939
gvc: mixed,490.45579346821,2020,"20-Motor vehicles, trailers and semi-trailers",JPN,JPN,35432.6904717398,0.0138419009942072
gvc: mixed,213.37782776143,2001,"20-Motor vehicles, trailers and semi-trailers",JPN,JPN,12011.6016851828,0.0177643109848246
gvc: mixed,5.10814365233111,2020,"1-Agriculture, hunting, forestry",JPN,JPN,199.861647428477,0.0255583986125158
gvc: mixed,0.249305478493558,2001,"1-Agriculture, hunting, forestry",JPN,JPN,176.579600452612,0.00141185888887806
gvc: mixed,196.192462836339,2020,11-Chemical and chemical products,JPN,JPN,24407.1508541966,0.00803831893400228
gvc: mixed,5.05057615995434,2001,11-Chemical and chemical products,JPN,JPN,9568.5637466532,0.000527830120975144
gvc: mixed,129.578503166174,2020,18-Electrical equipment,JPN,JPN,13288.8445513204,0.00975092323984624
gvc: mixed,3.6962654739027,2001,18-Electrical equipment,JPN,JPN,7556.21599167681,0.000489168848266665
gvc: mixed,19.0620079198136,2020,"20-Motor vehicles, trailers and semi-trailers",JPN,JPN,35432.6904717398,0.000537977999018081
gvc: mixed,1.98111849091237,2001,"20-Motor vehicles, trailers and semi-trailers",JPN,JPN,12011.6016851828,0.000164933748457229
gvc: mixed,0.0044667948411977,2020,"1-Agriculture, hunting, forestry",JPN,JPN,199.861647428477,2.23494347148129e-05
gvc: mixed,0.035654715088715,2001,"1-Agriculture, hunting, forestry",JPN,JPN,176.579600452612,0.000201918653102194
gvc: mixed,8.78739077940972,2020,11-Chemical and chemical products,JPN,JPN,24407.1508541966,0.000360033452159321
gvc: mixed,3.67703815759599,2001,11-Chemical and chemical products,JPN,JPN,9568.5637466532,0.000384283185538907
gvc: mixed,1.76684031046872,2020,18-Electrical equipment,JPN,JPN,13288.8445513204,0.000132956654255781
gvc: mixed,1.40992109012297,2001,18-Electrical equipment,JPN,JPN,7556.21599167681,0.000186590893070818
gvc: mixed,66.822302021215,2020,"20-Motor vehicles, trailers and semi-trailers",JPN,JPN,35432.6904717398,0.00188589410320141
gvc: mixed,3.6963848645871,2001,"20-Motor vehicles, trailers and semi-trailers",JPN,JPN,12011.6016851828,0.000307734552099481
